Workbook
Name INDICE: #REF!

Sheet Monitoramento Acumulado Geral
A1: EMPRESA JÚNIOR | B1: MÊS | C1: MÊS KEY | D1: PROJETOS 2017 | E1: FATURAMENTO 2017 | F1: PROJETOS ACUMULADOS 2017 | G1: FATURAMENTO ACUMULADO 2017 | H1: PROJETOS 2018 | I1: FATURAMENTO 2018 | J1: PROJETOS ACUMULADOS 2018 | K1: FATURAMENTO ACUMULADO 2018 | L1: PROJETOS 2019 | M1: FATURAMENTO 2019 | N1: PROJETOS ACUMULADO 2019 | O1: FATURAMENTO ACUMULADO 2019 | P1: PROJETOS 2020 | Q1: FATURAMENTO 2020 | R1: PROJETOS ACUMULADO 2020 | S1: FATURAMENTO ACUMULADO 2020
A2: AJTAL - ASSOCIAÇÃO JÚNIOR DE TECNÓLOGOS EM ALIMENTOS CONSULTORIA E PROJETOS | P2: 0 | Q2: 0 | R2: 0 | S2: 0
A3: AJTAL - ASSOCIAÇÃO JÚNIOR DE TECNÓLOGOS EM ALIMENTOS CONSULTORIA E PROJETOS | P3: 0 | Q3: 0 | R3: 0 | S3: 0
A4: AJTAL - ASSOCIAÇÃO JÚNIOR DE TECNÓLOGOS EM ALIMENTOS CONSULTORIA E PROJETOS | P4: 0 | Q4: 0 | R4: 0 | S4: 0
A5: AJTAL - ASSOCIAÇÃO JÚNIOR DE TECNÓLOGOS EM ALIMENTOS CONSULTORIA E PROJETOS | P5: 0 | Q5: 0 | R5: 0 | S5: 0
A6: AJTAL - ASSOCIAÇÃO JÚNIOR DE TECNÓLOGOS EM ALIMENTOS CONSULTORIA E PROJETOS | P6: 0 | Q6: 0 | R6: 0 | S6: 0
A7: AJTAL - ASSOCIAÇÃO JÚNIOR DE TECNÓLOGOS EM ALIMENTOS CONSULTORIA E PROJETOS | P7: 0 | Q7: 0 | R7: 0 | S7: 0
A8: AJTAL - ASSOCIAÇÃO JÚNIOR DE TECNÓLOGOS EM ALIMENTOS CONSULTORIA E PROJETOS | P8: 0 | Q8: 0 | R8: 0 | S8: 0
A9: AJTAL - ASSOCIAÇÃO JÚNIOR DE TECNÓLOGOS EM ALIMENTOS CONSULTORIA E PROJETOS | P9: 1 | Q9: 240 | R9: 9 | S9: 1320
A10: AJTAL - ASSOCIAÇÃO JÚNIOR DE TECNÓLOGOS EM ALIMENTOS CONSULTORIA E PROJETOS | P10: 0 | Q10: 0 | R10: 9 | S10: 1320
A11: AJTAL - ASSOCIAÇÃO JÚNIOR DE TECNÓLOGOS EM ALIMENTOS CONSULTORIA E PROJETOS | P11: 0 | Q11: 0 | R11: 9 | S11: 1320
A12: AJTAL - ASSOCIAÇÃO JÚNIOR DE TECNÓLOGOS EM ALIMENTOS CONSULTORIA E PROJETOS
A13: AJTAL - ASSOCIAÇÃO JÚNIOR DE TECNÓLOGOS EM ALIMENTOS CONSULTORIA E PROJETOS
A14: Atena Consultoria Jr. | B14: Janeiro | C14: 1 | D14: 0 | E14: 0 | F14: =D14 -> 0 | G14: =E14 -> 0 | H14: 0 | I14: 0 | J14: =H14 -> 0 | K14: =I14 -> 0 | L14: 2 | M14: 4050 | N14: =L14 -> 2 | O14: =M14 -> 4050 | P14: 4 | Q14: 1892 | R14: 4 | S14: 1892
A15: Atena Consultoria Jr. | B15: Fevereiro | C15: 2 | D15: 0 | E15: 0 | F15: =F14+D15 -> 0 | G15: =G14+E15 -> 0 | H15: 0 | I15: 0 | J15: =J14+H15 -> 0 | K15: =K14+I15 -> 0 | L15: 1 | M15: 400 | N15: =N14+L15 -> 3 | O15: =O14+M15 -> 4450 | P15: 5 | Q15: 5605 | R15: 9 | S15: 7497
A16: Atena Consultoria Jr. | B16: Março | C16: 3 | D16: 0 | E16: 0 | F16: =F15+D16 -> 0 | G16: =G15+E16 -> 0 | H16: 0 | I16: 0 | J16: =J15+H16 -> 0 | K16: =K15+I16 -> 0 | L16: 0 | M16: 0 | N16: =N15+L16 -> 3 | O16: =O15+M16 -> 4450 | P16: 0 | Q16: 0 | R16: 9 | S16: 7497
A17: Atena Consultoria Jr. | B17: Abril | C17: 4 | D17: 0 | E17: 0 | F17: =F16+D17 -> 0 | G17: =G16+E17 -> 0 | H17: 0 | I17: 0 | J17: =J16+H17 -> 0 | K17: =K16+I17 -> 0 | L17: 1 | M17: 180 | N17: =N16+L17 -> 4 | O17: =O16+M17 -> 4630 | P17: 0 | Q17: 0 | R17: 9 | S17: 7497
A18: Atena Consultoria Jr. | B18: Maio | C18: 5 | D18: 0 | E18: 0 | F18: =F17+D18 -> 0 | G18: =G17+E18 -> 0 | H18: 0 | I18: 0 | J18: =J17+H18 -> 0 | K18: =K17+I18 -> 0 | L18: 2 | M18: 1890 | N18: =N17+L18 -> 6 | O18: =O17+M18 -> 6520 | P18: 0 | Q18: 0 | R18: 9 | S18: 7497
A19: Atena Consultoria Jr. | B19: Junho | C19: 6 | D19: 0 | E19: 0 | F19: =F18+D19 -> 0 | G19: =G18+E19 -> 0 | H19: 0 | I19: 0 | J19: =J18+H19 -> 0 | K19: =K18+I19 -> 0 | L19: 2 | M19: 1656 | N19: =N18+L19 -> 8 | O19: =O18+M19 -> 8176 | P19: 1 | Q19: 2220 | R19: 10 | S19: 9717 | U19: Dados de anos anteriores estão ocultos à partir da Coluna B.
A20: Atena Consultoria Jr. | B20: Julho | C20: 7 | D20: 0 | E20: 0 | F20: =F19+D20 -> 0 | G20: =G19+E20 -> 0 | H20: 1 | I20: 220 | J20: =J19+H20 -> 1 | K20: =K19+I20 -> 220 | L20: 0 | M20: 0 | N20: =N19+L20 -> 8 | O20: =O19+M20 -> 8176 | P20: 2 | Q20: 1800 | R20: 12 | S20: 11517
A21: Atena Consultoria Jr. | B21: Agosto | C21: 8 | D21: 0 | E21: 0 | F21: =F20+D21 -> 0 | G21: =G20+E21 -> 0 | H21: 1 | I21: 1119.62 | J21: =J20+H21 -> 2 | K21: =K20+I21 -> 1339.62 | L21: 1 | M21: 310 | N21: =N20+L21 -> 9 | O21: =O20+M21 -> 8486 | P21: 0 | Q21: 0 | R21: 12 | S21: 11517
A22: Atena Consultoria Jr. | B22: Setembro | C22: 9 | D22: 0 | E22: 0 | F22: =F21+D22 -> 0 | G22: =G21+E22 -> 0 | H22: 0 | I22: 0 | J22: =J21+H22 -> 2 | K22: =K21+I22 -> 1339.62 | L22: 2 | M22: 1490 | N22: =N21+L22 -> 11 | O22: =O21+M22 -> 9976 | P22: 0 | Q22: 0 | R22: 12 | S22: 11517
A23: Atena Consultoria Jr. | B23: Outubro | C23: 10 | D23: 0 | E23: 0 | F23: =F22+D23 -> 0 | G23: =G22+E23 -> 0 | H23: 1 | I23: 420 | J23: =J22+H23 -> 3 | K23: =K22+I23 -> 1759.62 | L23: 2 | M23: 1180 | N23: =N22+L23 -> 13 | O23: =O22+M23 -> 11156 | P23: 0 | Q23: 0 | R23: 12 | S23: 11517
A24: Atena Consultoria Jr. | B24: Novembro | C24: 11 | D24: 0 | E24: 0 | F24: =F23+D24 -> 0 | G24: =G23+E24 -> 0 | H24: 1 | I24: 1940 | J24: =J23+H24 -> 4 | K24: =K23+I24 -> 3699.62 | L24: 3 | M24: 2740 | N24: =N23+L24 -> 16 | O24: =O23+M24 -> 13896 | Q24: 0
A25: Atena Consultoria Jr. | B25: Dezembro | C25: 12 | D25: 0 | E25: 0 | F25: =F24+D25 -> 0 | G25: =G24+E25 -> 0 | H25: 0 | I25: 0 | J25: =J24+H25 -> 4 | K25: =K24+I25 -> 3699.62 | L25: 1 | M25: 1500 | N25: =N24+L25 -> 17 | O25: =O24+M25 -> 15396 | Q25: 0
A26: Atlântica Consultoria Internacional | B26: Janeiro | C26: 1 | D26: 0 | E26: 0 | F26: =D26 -> 0 | G26: =E26 -> 0 | H26: 0 | I26: 0 | J26: =H26 -> 0 | K26: =I26 -> 0 | L26: 0 | M26: 0 | N26: =L26 -> 0 | O26: =M26 -> 0 | P26: 1 | Q26: 244 | R26: 1 | S26: 244
A27: Atlântica Consultoria Internacional | B27: Fevereiro | C27: 2 | D27: 0 | E27: 0 | F27: =F26+D27 -> 0 | G27: =G26+E27 -> 0 | H27: 0 | I27: 0 | J27: =J26+H27 -> 0 | K27: =K26+I27 -> 0 | L27: 0 | M27: 0 | N27: =N26+L27 -> 0 | O27: =O26+M27 -> 0 | P27: 0 | Q27: 0 | R27: 1 | S27: 244
A28: Atlântica Consultoria Internacional | B28: Março | C28: 3 | D28: 0 | E28: 0 | F28: =F27+D28 -> 0 | G28: =G27+E28 -> 0 | H28: 0 | I28: 0 | J28: =J27+H28 -> 0 | K28: =K27+I28 -> 0 | L28: 0 | M28: 0 | N28: =N27+L28 -> 0 | O28: =O27+M28 -> 0 | P28: 0 | Q28: 0 | R28: 1 | S28: 244
A29: Atlântica Consultoria Internacional | B29: Abril | C29: 4 | D29: 0 | E29: 0 | F29: =F28+D29 -> 0 | G29: =G28+E29 -> 0 | H29: 0 | I29: 0 | J29: =J28+H29 -> 0 | K29: =K28+I29 -> 0 | L29: 0 | M29: 0 | N29: =N28+L29 -> 0 | O29: =O28+M29 -> 0 | P29: 1 | Q29: 122 | R29: 2 | S29: 366
A30: Atlântica Consultoria Internacional | B30: Maio | C30: 5 | D30: 0 | E30: 0 | F30: =F29+D30 -> 0 | G30: =G29+E30 -> 0 | H30: 0 | I30: 0 | J30: =J29+H30 -> 0 | K30: =K29+I30 -> 0 | L30: 0 | M30: 0 | N30: =N29+L30 -> 0 | O30: =O29+M30 -> 0 | P30: 0 | Q30: 0 | R30: 2 | S30: 366
A31: Atlântica Consultoria Internacional | B31: Junho | C31: 6 | D31: 0 | E31: 0 | F31: =F30+D31 -> 0 | G31: =G30+E31 -> 0 | H31: 0 | I31: 0 | J31: =J30+H31 -> 0 | K31: =K30+I31 -> 0 | L31: 0 | M31: 0 | N31: =N30+L31 -> 0 | O31: =O30+M31 -> 0 | P31: 2 | Q31: 1 | R31: 4 | S31: 367
A32: Atlântica Consultoria Internacional | B32: Julho | C32: 7 | D32: 0 | E32: 0 | F32: =F31+D32 -> 0 | G32: =G31+E32 -> 0 | H32: 0 | I32: 0 | J32: =J31+H32 -> 0 | K32: =K31+I32 -> 0 | L32: 0 | M32: 0 | N32: =N31+L32 -> 0 | O32: =O31+M32 -> 0 | P32: 0 | Q32: 0 | R32: 4 | S32: 367
A33: Atlântica Consultoria Internacional | B33: Agosto | C33: 8 | D33: 0 | E33: 0 | F33: =F32+D33 -> 0 | G33: =G32+E33 -> 0 | H33: 0 | I33: 0 | J33: =J32+H33 -> 0 | K33: =K32+I33 -> 0 | L33: 0 | M33: 0 | N33: =N32+L33 -> 0 | O33: =O32+M33 -> 0 | P33: 0 | Q33: 0 | R33: 4 | S33: 367
A34: Atlântica Consultoria Internacional | B34: Setembro | C34: 9 | D34: 0 | E34: 0 | F34: =F33+D34 -> 0 | G34: =G33+E34 -> 0 | H34: 0 | I34: 0 | J34: =J33+H34 -> 0 | K34: =K33+I34 -> 0 | L34: 0 | M34: 0 | N34: =N33+L34 -> 0 | O34: =O33+M34 -> 0 | P34: 3 | Q34: 3900 | R34: 7 | S34: 4267
A35: Atlântica Consultoria Internacional | B35: Outubro | C35: 10 | D35: 0 | E35: 0 | F35: =F34+D35 -> 0 | G35: =G34+E35 -> 0 | H35: 0 | I35: 0 | J35: =J34+H35 -> 0 | K35: =K34+I35 -> 0 | L35: 0 | M35: 0 | N35: =N34+L35 -> 0 | O35: =O34+M35 -> 0 | P35: 0 | Q35: 0 | R35: 7 | S35: 4267
A36: Atlântica Consultoria Internacional | B36: Novembro | C36: 11 | D36: 0 | E36: 0 | F36: =F35+D36 -> 0 | G36: =G35+E36 -> 0 | H36: 0 | I36: 0 | J36: =J35+H36 -> 0 | K36: =K35+I36 -> 0 | L36: 0 | M36: 0 | N36: =N35+L36 -> 0 | O36: =O35+M36 -> 0 | Q36: 0
A37: Atlântica Consultoria Internacional | B37: Dezembro | C37: 12 | D37: 0 | E37: 0 | F37: =F36+D37 -> 0 | G37: =G36+E37 -> 0 | H37: 0 | I37: 0 | J37: =J36+H37 -> 0 | K37: =K36+I37 -> 0 | L37: 0 | M37: 0 | N37: =N36+L37 -> 0 | O37: =O36+M37 -> 0 | Q37: 0
A38: Automatiza Júnior | B38: Janeiro | C38: 1 | D38: 0 | E38: 0 | F38: =D38 -> 0 | G38: =E38 -> 0 | H38: 0 | I38: 0 | J38: =H38 -> 0 | K38: =I38 -> 0 | L38: 0 | M38: 0 | N38: =L38 -> 0 | O38: =M38 -> 0 | P38: 0 | Q38: 0 | R38: 0 | S38: 0
A39: Automatiza Júnior | B39: Fevereiro | C39: 2 | D39: 0 | E39: 0 | F39: =F38+D39 -> 0 | G39: =G38+E39 -> 0 | H39: 0 | I39: 0 | J39: =J38+H39 -> 0 | K39: =K38+I39 -> 0 | L39: 0 | M39: 0 | N39: =N38+L39 -> 0 | O39: =O38+M39 -> 0 | P39: 1 | Q39: 900 | R39: 1 | S39: 900
A40: Automatiza Júnior | B40: Março | C40: 3 | D40: 0 | E40: 0 | F40: =F39+D40 -> 0 | G40: =G39+E40 -> 0 | H40: 0 | I40: 0 | J40: =J39+H40 -> 0 | K40: =K39+I40 -> 0 | L40: 0 | M40: 0 | N40: =N39+L40 -> 0 | O40: =O39+M40 -> 0 | P40: 2 | Q40: 3464.08 | R40: 3 | S40: 4364.08
A41: Automatiza Júnior | B41: Abril | C41: 4 | D41: 0 | E41: 0 | F41: =F40+D41 -> 0 | G41: =G40+E41 -> 0 | H41: 0 | I41: 0 | J41: =J40+H41 -> 0 | K41: =K40+I41 -> 0 | L41: 0 | M41: 0 | N41: =N40+L41 -> 0 | O41: =O40+M41 -> 0 | P41: 1 | Q41: 1454 | R41: 4 | S41: 5818.08
A42: Automatiza Júnior | B42: Maio | C42: 5 | D42: 0 | E42: 0 | F42: =F41+D42 -> 0 | G42: =G41+E42 -> 0 | H42: 1 | I42: 20600 | J42: =J41+H42 -> 1 | K42: =K41+I42 -> 20600 | L42: 5 | M42: 4641.4 | N42: =N41+L42 -> 5 | O42: =O41+M42 -> 4641.4 | P42: 0 | Q42: 0 | R42: 4 | S42: 5818.08
A43: Automatiza Júnior | B43: Junho | C43: 6 | D43: 0 | E43: 0 | F43: =F42+D43 -> 0 | G43: =G42+E43 -> 0 | H43: 0 | I43: 0 | J43: =J42+H43 -> 1 | K43: =K42+I43 -> 20600 | L43: 0 | M43: 0 | N43: =N42+L43 -> 5 | O43: =O42+M43 -> 4641.4 | P43: 1 | Q43: 300 | R43: 5 | S43: 6118.08
A44: Automatiza Júnior | B44: Julho | C44: 7 | D44: 0 | E44: 0 | F44: =F43+D44 -> 0 | G44: =G43+E44 -> 0 | H44: 0 | I44: 0 | J44: =J43+H44 -> 1 | K44: =K43+I44 -> 20600 | L44: 0 | M44: 0 | N44: =N43+L44 -> 5 | O44: =O43+M44 -> 4641.4 | P44: 5 | Q44: 14140 | R44: 10 | S44: 20258.08
A45: Automatiza Júnior | B45: Agosto | C45: 8 | D45: 0 | E45: 0 | F45: =F44+D45 -> 0 | G45: =G44+E45 -> 0 | H45: 0 | I45: 0 | J45: =J44+H45 -> 1 | K45: =K44+I45 -> 20600 | L45: 0 | M45: 0 | N45: =N44+L45 -> 5 | O45: =O44+M45 -> 4641.4 | P45: 0 | Q45: 0 | R45: 10 | S45: 20258.08
A46: Automatiza Júnior | B46: Setembro | C46: 9 | D46: 0 | E46: 0 | F46: =F45+D46 -> 0 | G46: =G45+E46 -> 0 | H46: 0 | I46: 0 | J46: =J45+H46 -> 1 | K46: =K45+I46 -> 20600 | L46: 0 | M46: 0 | N46: =N45+L46 -> 5 | O46: =O45+M46 -> 4641.4 | P46: 1 | Q46: 500 | R46: 11 | S46: 20758.08
A47: Automatiza Júnior | B47: Outubro | C47: 10 | D47: 0 | E47: 0 | F47: =F46+D47 -> 0 | G47: =G46+E47 -> 0 | H47: 2 | I47: 526.9 | J47: =J46+H47 -> 3 | K47: =K46+I47 -> 21126.9 | L47: 3 | M47: 2764 | N47: =N46+L47 -> 8 | O47: =O46+M47 -> 7405.4 | P47: 0 | Q47: 0 | R47: 11 | S47: 20758.08
A48: Automatiza Júnior | B48: Novembro | C48: 11 | D48: 0 | E48: 0 | F48: =F47+D48 -> 0 | G48: =G47+E48 -> 0 | H48: 1 | I48: 530 | J48: =J47+H48 -> 4 | K48: =K47+I48 -> 21656.9 | L48: 5 | M48: 4679 | N48: =N47+L48 -> 13 | O48: =O47+M48 -> 12084.4 | Q48: 0
A49: Automatiza Júnior | B49: Dezembro | C49: 12 | D49: 0 | E49: 0 | F49: =F48+D49 -> 0 | G49: =G48+E49 -> 0 | H49: 1 | I49: 576.14 | J49: =J48+H49 -> 5 | K49: =K48+I49 -> 22233.04 | L49: 7 | M49: 17274.49 | N49: =N48+L49 -> 20 | O49: =O48+M49 -> 29358.89 | Q49: 0
A50: Base Júnior | B50: Janeiro | C50: 1 | D50: 1 | E50: 350 | F50: =D50 -> 1 | G50: =E50 -> 350 | H50: 0 | I50: 0 | J50: =H50 -> 0 | K50: =I50 -> 0 | L50: 0 | M50: 0 | N50: =L50 -> 0 | O50: =M50 -> 0 | P50: 1 | Q50: 1305 | R50: 1 | S50: 1305
A51: Base Júnior | B51: Fevereiro | C51: 2 | D51: 4 | E51: 7000 | F51: =F50+D51 -> 5 | G51: =G50+E51 -> 7350 | H51: 0 | I51: 0 | J51: =J50+H51 -> 0 | K51: =K50+I51 -> 0 | L51: 2 | M51: 1700 | N51: =N50+L51 -> 2 | O51: =O50+M51 -> 1700 | P51: 3 | Q51: 6368.8 | R51: 4 | S51: 7673.8
A52: Base Júnior | B52: Março | C52: 3 | D52: 1 | E52: 1000 | F52: =F51+D52 -> 6 | G52: =G51+E52 -> 8350 | H52: 7 | I52: 13250 | J52: =J51+H52 -> 7 | K52: =K51+I52 -> 13250 | L52: 2 | M52: 4846 | N52: =N51+L52 -> 4 | O52: =O51+M52 -> 6546 | P52: 1 | Q52: 3500 | R52: 5 | S52: 11173.8
A53: Base Júnior | B53: Abril | C53: 4 | D53: 0 | E53: 0 | F53: =F52+D53 -> 6 | G53: =G52+E53 -> 8350 | H53: 2 | I53: 2577.7 | J53: =J52+H53 -> 9 | K53: =K52+I53 -> 15827.7 | L53: 1 | M53: 900 | N53: =N52+L53 -> 5 | O53: =O52+M53 -> 7446 | P53: 0 | Q53: 0 | R53: 5 | S53: 11173.8
A54: Base Júnior | B54: Maio | C54: 5 | D54: 2 | E54: 503.5 | F54: =F53+D54 -> 8 | G54: =G53+E54 -> 8853.5 | H54: 9 | I54: 20148 | J54: =J53+H54 -> 18 | K54: =K53+I54 -> 35975.7 | L54: 2 | M54: 7610 | N54: =N53+L54 -> 7 | O54: =O53+M54 -> 15056 | P54: 2 | Q54: 6900 | R54: 7 | S54: 18073.8
A55: Base Júnior | B55: Junho | C55: 6 | D55: 2 | E55: 1256 | F55: =F54+D55 -> 10 | G55: =G54+E55 -> 10109.5 | H55: 2 | I55: 2900 | J55: =J54+H55 -> 20 | K55: =K54+I55 -> 38875.7 | L55: 0 | M55: 0 | N55: =N54+L55 -> 7 | O55: =O54+M55 -> 15056 | P55: 1 | Q55: 2200 | R55: 8 | S55: 20273.8
A56: Base Júnior | B56: Julho | C56: 7 | D56: 1 | E56: 250 | F56: =F55+D56 -> 11 | G56: =G55+E56 -> 10359.5 | H56: 2 | I56: 1005 | J56: =J55+H56 -> 22 | K56: =K55+I56 -> 39880.7 | L56: 3 | M56: 5750 | N56: =N55+L56 -> 10 | O56: =O55+M56 -> 20806 | P56: 0 | Q56: 0 | R56: 8 | S56: 20273.8
A57: Base Júnior | B57: Agosto | C57: 8 | D57: 5 | E57: 4012.5 | F57: =F56+D57 -> 16 | G57: =G56+E57 -> 14372 | H57: 2 | I57: 1317.6 | J57: =J56+H57 -> 24 | K57: =K56+I57 -> 41198.3 | L57: 4 | M57: 9190 | N57: =N56+L57 -> 14 | O57: =O56+M57 -> 29996 | P57: 9 | Q57: 20777.5 | R57: 17 | S57: 41051.3
A58: Base Júnior | B58: Setembro | C58: 9 | D58: 3 | E58: 3047.5 | F58: =F57+D58 -> 19 | G58: =G57+E58 -> 17419.5 | H58: 12 | I58: 14796.75 | J58: =J57+H58 -> 36 | K58: =K57+I58 -> 55995.05 | L58: 6 | M58: 15310 | N58: =N57+L58 -> 20 | O58: =O57+M58 -> 45306 | P58: 6 | Q58: 11000 | R58: 23 | S58: 52051.3
A59: Base Júnior | B59: Outubro | C59: 10 | D59: 1 | E59: 1420 | F59: =F58+D59 -> 20 | G59: =G58+E59 -> 18839.5 | H59: 10 | I59: 6660 | J59: =J58+H59 -> 46 | K59: =K58+I59 -> 62655.05 | L59: 3 | M59: 9790 | N59: =N58+L59 -> 23 | O59: =O58+M59 -> 55096 | P59: 0 | Q59: 0 | R59: 23 | S59: 52051.3
A60: Base Júnior | B60: Novembro | C60: 11 | D60: 16 | E60: 36994.86 | F60: =F59+D60 -> 36 | G60: =G59+E60 -> 55834.36 | H60: 0 | I60: 0 | J60: =J59+H60 -> 46 | K60: =K59+I60 -> 62655.05 | L60: 5 | M60: 11800 | N60: =N59+L60 -> 28 | O60: =O59+M60 -> 66896 | Q60: 0
A61: Base Júnior | B61: Dezembro | C61: 12 | D61: 2 | E61: 1957 | F61: =F60+D61 -> 38 | G61: =G60+E61 -> 57791.36 | H61: 0 | I61: 0 | J61: =J60+H61 -> 46 | K61: =K60+I61 -> 62655.05 | L61: 0 | M61: 0 | N61: =N60+L61 -> 28 | O61: =O60+M61 -> 66896 | Q61: 0
A62: Byte Jr. | B62: Janeiro | C62: 1 | D62: 0 | E62: 0 | F62: =D62 -> 0 | G62: =E62 -> 0 | H62: 0 | I62: 0 | J62: =H62 -> 0 | K62: =I62 -> 0 | L62: 0 | M62: 0 | N62: =L62 -> 0 | O62: =M62 -> 0 | P62: 2 | Q62: 4500 | R62: 2 | S62: 4500
A63: Byte Jr. | B63: Fevereiro | C63: 2 | D63: 0 | E63: 0 | F63: =F62+D63 -> 0 | G63: =G62+E63 -> 0 | H63: 0 | I63: 0 | J63: =J62+H63 -> 0 | K63: =K62+I63 -> 0 | L63: 0 | M63: 0 | N63: =N62+L63 -> 0 | O63: =O62+M63 -> 0 | P63: 0 | Q63: 0 | R63: 2 | S63: 4500
A64: Byte Jr. | B64: Março | C64: 3 | D64: 0 | E64: 0 | F64: =F63+D64 -> 0 | G64: =G63+E64 -> 0 | H64: 0 | I64: 0 | J64: =J63+H64 -> 0 | K64: =K63+I64 -> 0 | L64: 0 | M64: 0 | N64: =N63+L64 -> 0 | O64: =O63+M64 -> 0 | P64: 2 | Q64: 700 | R64: 4 | S64: 5200
A65: Byte Jr. | B65: Abril | C65: 4 | D65: 0 | E65: 0 | F65: =F64+D65 -> 0 | G65: =G64+E65 -> 0 | H65: 0 | I65: 0 | J65: =J64+H65 -> 0 | K65: =K64+I65 -> 0 | L65: 0 | M65: 0 | N65: =N64+L65 -> 0 | O65: =O64+M65 -> 0 | P65: 0 | Q65: 0 | R65: 4 | S65: 5200
A66: Byte Jr. | B66: Maio | C66: 5 | D66: 0 | E66: 0 | F66: =F65+D66 -> 0 | G66: =G65+E66 -> 0 | H66: 0 | I66: 0 | J66: =J65+H66 -> 0 | K66: =K65+I66 -> 0 | L66: 1 | M66: 300 | N66: =N65+L66 -> 1 | O66: =O65+M66 -> 300 | P66: 0 | Q66: 0 | R66: 4 | S66: 5200
A67: Byte Jr. | B67: Junho | C67: 6 | D67: 0 | E67: 0 | F67: =F66+D67 -> 0 | G67: =G66+E67 -> 0 | H67: 0 | I67: 0 | J67: =J66+H67 -> 0 | K67: =K66+I67 -> 0 | L67: 0 | M67: 0 | N67: =N66+L67 -> 1 | O67: =O66+M67 -> 300 | P67: 2 | Q67: 1184 | R67: 6 | S67: 6384
A68: Byte Jr. | B68: Julho | C68: 7 | D68: 0 | E68: 0 | F68: =F67+D68 -> 0 | G68: =G67+E68 -> 0 | H68: 0 | I68: 0 | J68: =J67+H68 -> 0 | K68: =K67+I68 -> 0 | L68: 2 | M68: 3900 | N68: =N67+L68 -> 3 | O68: =O67+M68 -> 4200 | P68: 3 | Q68: 1297.9 | R68: 9 | S68: 7681.9
A69: Byte Jr. | B69: Agosto | C69: 8 | D69: 0 | E69: 0 | F69: =F68+D69 -> 0 | G69: =G68+E69 -> 0 | H69: 0 | I69: 0 | J69: =J68+H69 -> 0 | K69: =K68+I69 -> 0 | L69: 1 | M69: 700 | N69: =N68+L69 -> 4 | O69: =O68+M69 -> 4900 | P69: 1 | Q69: 297.9 | R69: 10 | S69: 7979.8
A70: Byte Jr. | B70: Setembro | C70: 9 | D70: 0 | E70: 0 | F70: =F69+D70 -> 0 | G70: =G69+E70 -> 0 | H70: 0 | I70: 0 | J70: =J69+H70 -> 0 | K70: =K69+I70 -> 0 | L70: 0 | M70: 0 | N70: =N69+L70 -> 4 | O70: =O69+M70 -> 4900 | P70: 4 | Q70: 4575 | R70: 14 | S70: 12554.8
A71: Byte Jr. | B71: Outubro | C71: 10 | D71: 0 | E71: 0 | F71: =F70+D71 -> 0 | G71: =G70+E71 -> 0 | H71: 0 | I71: 0 | J71: =J70+H71 -> 0 | K71: =K70+I71 -> 0 | L71: 0 | M71: 0 | N71: =N70+L71 -> 4 | O71: =O70+M71 -> 4900 | P71: 0 | Q71: 0 | R71: 14 | S71: 12554.8
A72: Byte Jr. | B72: Novembro | C72: 11 | D72: 0 | E72: 0 | F72: =F71+D72 -> 0 | G72: =G71+E72 -> 0 | H72: 0 | I72: 0 | J72: =J71+H72 -> 0 | K72: =K71+I72 -> 0 | L72: 0 | M72: 0 | N72: =N71+L72 -> 4 | O72: =O71+M72 -> 4900 | Q72: 0
A73: Byte Jr. | B73: Dezembro | C73: 12 | D73: 0 | E73: 0 | F73: =F72+D73 -> 0 | G73: =G72+E73 -> 0 | H73: 0 | I73: 0 | J73: =J72+H73 -> 0 | K73: =K72+I73 -> 0 | L73: 2 | M73: 3900 | N73: =N72+L73 -> 6 | O73: =O72+M73 -> 8800 | Q73: 0
A74: Caduceu Júnior | B74: Janeiro | C74: 1 | D74: 65 | E74: 7710 | F74: =D74 -> 65 | G74: =E74 -> 7710 | H74: 480 | I74: 8350 | J74: =H74 -> 480 | K74: =I74 -> 8350 | L74: 426 | M74: 9430 | N74: =L74 -> 426 | O74: =M74 -> 9430 | P74: 405 | Q74: 9015 | R74: 405 | S74: 9015
A75: Caduceu Júnior | B75: Fevereiro | C75: 2 | D75: 103 | E75: 3852 | F75: =F74+D75 -> 168 | G75: =G74+E75 -> 11562 | H75: 334 | I75: 5945 | J75: =J74+H75 -> 814 | K75: =K74+I75 -> 14295 | L75: 341 | M75: 11085 | N75: =N74+L75 -> 767 | O75: =O74+M75 -> 20515 | P75: 342 | Q75: 10340 | R75: 747 | S75: 19355
A76: Caduceu Júnior | B76: Março | C76: 3 | D76: 76 | E76: 2385 | F76: =F75+D76 -> 244 | G76: =G75+E76 -> 13947 | H76: 192 | I76: 4525 | J76: =J75+H76 -> 1006 | K76: =K75+I76 -> 18820 | L76: 105 | M76: 3415 | N76: =N75+L76 -> 872 | O76: =O75+M76 -> 23930 | P76: 98 | Q76: 2600 | R76: 845 | S76: 21955
A77: Caduceu Júnior | B77: Abril | C77: 4 | D77: 105 | E77: 3700 | F77: =F76+D77 -> 349 | G77: =G76+E77 -> 17647 | H77: 193 | I77: 4952 | J77: =J76+H77 -> 1199 | K77: =K76+I77 -> 23772 | L77: 132 | M77: 6285 | N77: =N76+L77 -> 1004 | O77: =O76+M77 -> 30215 | P77: 4 | Q77: 4240 | R77: 849 | S77: 26195
A78: Caduceu Júnior | B78: Maio | C78: 5 | D78: 70 | E78: 2010 | F78: =F77+D78 -> 419 | G78: =G77+E78 -> 19657 | H78: 115 | I78: 2995 | J78: =J77+H78 -> 1314 | K78: =K77+I78 -> 26767 | L78: 38 | M78: 7095 | N78: =N77+L78 -> 1042 | O78: =O77+M78 -> 37310 | P78: 12 | Q78: 5510 | R78: 861 | S78: 31705
A79: Caduceu Júnior | B79: Junho | C79: 6 | D79: 33 | E79: 3380 | F79: =F78+D79 -> 452 | G79: =G78+E79 -> 23037 | H79: 68 | I79: 3342 | J79: =J78+H79 -> 1382 | K79: =K78+I79 -> 30109 | L79: 22 | M79: 715 | N79: =N78+L79 -> 1064 | O79: =O78+M79 -> 38025 | P79: 13 | Q79: 5025 | R79: 874 | S79: 36730
A80: Caduceu Júnior | B80: Julho | C80: 7 | D80: 36 | E80: 1180 | F80: =F79+D80 -> 488 | G80: =G79+E80 -> 24217 | H80: 67 | I80: 1485 | J80: =J79+H80 -> 1449 | K80: =K79+I80 -> 31594 | L80: 29 | M80: 3950 | N80: =N79+L80 -> 1093 | O80: =O79+M80 -> 41975 | P80: 16 | Q80: 9853.4 | R80: 890 | S80: 46583.4
A81: Caduceu Júnior | B81: Agosto | C81: 8 | D81: 48 | E81: 1295 | F81: =F80+D81 -> 536 | G81: =G80+E81 -> 25512 | H81: 33 | I81: 21823 | J81: =J80+H81 -> 1482 | K81: =K80+I81 -> 53417 | L81: 33 | M81: 5589 | N81: =N80+L81 -> 1126 | O81: =O80+M81 -> 47564 | P81: 10 | Q81: 3702 | R81: 900 | S81: 50285.4
A82: Caduceu Júnior | B82: Setembro | C82: 9 | D82: 64 | E82: 1760 | F82: =F81+D82 -> 600 | G82: =G81+E82 -> 27272 | H82: 41 | I82: 5909 | J82: =J81+H82 -> 1523 | K82: =K81+I82 -> 59326 | L82: 46 | M82: 2105 | N82: =N81+L82 -> 1172 | O82: =O81+M82 -> 49669 | P82: 5 | Q82: 3922 | R82: 905 | S82: 54207.4
A83: Caduceu Júnior | B83: Outubro | C83: 10 | D83: 29 | E83: 775 | F83: =F82+D83 -> 629 | G83: =G82+E83 -> 28047 | H83: 22 | I83: 495 | J83: =J82+H83 -> 1545 | K83: =K82+I83 -> 59821 | L83: 21 | M83: 785 | N83: =N82+L83 -> 1193 | O83: =O82+M83 -> 50454 | P83: 0 | Q83: 0 | R83: 905 | S83: 54207.4
A84: Caduceu Júnior | B84: Novembro | C84: 11 | D84: 24 | E84: 625 | F84: =F83+D84 -> 653 | G84: =G83+E84 -> 28672 | H84: 19 | I84: 670 | J84: =J83+H84 -> 1564 | K84: =K83+I84 -> 60491 | L84: 19 | M84: 8390 | N84: =N83+L84 -> 1212 | O84: =O83+M84 -> 58844 | Q84: 0
A85: Caduceu Júnior | B85: Dezembro | C85: 12 | D85: 30 | E85: 750 | F85: =F84+D85 -> 683 | G85: =G84+E85 -> 29422 | H85: 15 | I85: 470 | J85: =J84+H85 -> 1579 | K85: =K84+I85 -> 60961 | L85: 17 | M85: 11295 | N85: =N84+L85 -> 1229 | O85: =O84+M85 -> 70139 | Q85: 0
A86: CASP Jr. - Assessoria em Automação | B86: Janeiro | C86: 1 | D86: 0 | E86: 0 | F86: =D86 -> 0 | G86: =E86 -> 0 | H86: 0 | I86: 0 | J86: =H86 -> 0 | K86: =I86 -> 0 | L86: 0 | M86: 0 | N86: =L86 -> 0 | O86: =M86 -> 0 | P86: 0 | Q86: 0 | R86: 0 | S86: 0
A87: CASP Jr. - Assessoria em Automação | B87: Fevereiro | C87: 2 | D87: 0 | E87: 0 | F87: =F86+D87 -> 0 | G87: =G86+E87 -> 0 | H87: 0 | I87: 0 | J87: =J86+H87 -> 0 | K87: =K86+I87 -> 0 | L87: 0 | M87: 0 | N87: =N86+L87 -> 0 | O87: =O86+M87 -> 0 | P87: 1 | Q87: 600 | R87: 1 | S87: 600
A88: CASP Jr. - Assessoria em Automação | B88: Março | C88: 3 | D88: 0 | E88: 0 | F88: =F87+D88 -> 0 | G88: =G87+E88 -> 0 | H88: 0 | I88: 0 | J88: =J87+H88 -> 0 | K88: =K87+I88 -> 0 | L88: 0 | M88: 0 | N88: =N87+L88 -> 0 | O88: =O87+M88 -> 0 | P88: 0 | Q88: 0 | R88: 1 | S88: 600
A89: CASP Jr. - Assessoria em Automação | B89: Abril | C89: 4 | D89: 0 | E89: 0 | F89: =F88+D89 -> 0 | G89: =G88+E89 -> 0 | H89: 0 | I89: 0 | J89: =J88+H89 -> 0 | K89: =K88+I89 -> 0 | L89: 0 | M89: 0 | N89: =N88+L89 -> 0 | O89: =O88+M89 -> 0 | P89: 0 | Q89: 0 | R89: 1 | S89: 600
A90: CASP Jr. - Assessoria em Automação | B90: Maio | C90: 5 | D90: 0 | E90: 0 | F90: =F89+D90 -> 0 | G90: =G89+E90 -> 0 | H90: 0 | I90: 0 | J90: =J89+H90 -> 0 | K90: =K89+I90 -> 0 | L90: 0 | M90: 0 | N90: =N89+L90 -> 0 | O90: =O89+M90 -> 0 | P90: 0 | Q90: 0 | R90: 1 | S90: 600
A91: CASP Jr. - Assessoria em Automação | B91: Junho | C91: 6 | D91: 0 | E91: 0 | F91: =F90+D91 -> 0 | G91: =G90+E91 -> 0 | H91: 0 | I91: 0 | J91: =J90+H91 -> 0 | K91: =K90+I91 -> 0 | L91: 1 | M91: 1578.8 | N91: =N90+L91 -> 1 | O91: =O90+M91 -> 1578.8 | P91: 0 | Q91: 0 | R91: 1 | S91: 600
A92: CASP Jr. - Assessoria em Automação | B92: Julho | C92: 7 | D92: 0 | E92: 0 | F92: =F91+D92 -> 0 | G92: =G91+E92 -> 0 | H92: 0 | I92: 0 | J92: =J91+H92 -> 0 | K92: =K91+I92 -> 0 | L92: 0 | M92: 0 | N92: =N91+L92 -> 1 | O92: =O91+M92 -> 1578.8 | P92: 0 | Q92: 0 | R92: 1 | S92: 600
A93: CASP Jr. - Assessoria em Automação | B93: Agosto | C93: 8 | D93: 0 | E93: 0 | F93: =F92+D93 -> 0 | G93: =G92+E93 -> 0 | H93: 0 | I93: 0 | J93: =J92+H93 -> 0 | K93: =K92+I93 -> 0 | L93: 0 | M93: 0 | N93: =N92+L93 -> 1 | O93: =O92+M93 -> 1578.8 | P93: 0 | Q93: 0 | R93: 1 | S93: 600
A94: CASP Jr. - Assessoria em Automação | B94: Setembro | C94: 9 | D94: 0 | E94: 0 | F94: =F93+D94 -> 0 | G94: =G93+E94 -> 0 | H94: 0 | I94: 0 | J94: =J93+H94 -> 0 | K94: =K93+I94 -> 0 | L94: 0 | M94: 0 | N94: =N93+L94 -> 1 | O94: =O93+M94 -> 1578.8 | P94: 0 | Q94: 0 | R94: 1 | S94: 600
A95: CASP Jr. - Assessoria em Automação | B95: Outubro | C95: 10 | D95: 0 | E95: 0 | F95: =F94+D95 -> 0 | G95: =G94+E95 -> 0 | H95: 0 | I95: 0 | J95: =J94+H95 -> 0 | K95: =K94+I95 -> 0 | L95: 0 | M95: 0 | N95: =N94+L95 -> 1 | O95: =O94+M95 -> 1578.8 | P95: 0 | Q95: 0 | R95: 1 | S95: 600
A96: CASP Jr. - Assessoria em Automação | B96: Novembro | C96: 11 | D96: 0 | E96: 0 | F96: =F95+D96 -> 0 | G96: =G95+E96 -> 0 | H96: 0 | I96: 0 | J96: =J95+H96 -> 0 | K96: =K95+I96 -> 0 | L96: 0 | M96: 0 | N96: =N95+L96 -> 1 | O96: =O95+M96 -> 1578.8 | Q96: 0
A97: CASP Jr. - Assessoria em Automação | B97: Dezembro | C97: 12 | D97: 0 | E97: 0 | F97: =F96+D97 -> 0 | G97: =G96+E97 -> 0 | H97: 0 | I97: 0 | J97: =J96+H97 -> 0 | K97: =K96+I97 -> 0 | L97: 0 | M97: 0 | N97: =N96+L97 -> 1 | O97: =O96+M97 -> 1578.8 | Q97: 0
A98: CATALISA - Soluções em Engenharia Química | B98: Janeiro | C98: 1 | D98: 0 | E98: 0 | F98: =D98 -> 0 | G98: =E98 -> 0 | H98: 3 | I98: 2666.7 | J98: =H98 -> 3 | K98: =I98 -> 2666.7 | L98: 2 | M98: 5349.9 | N98: =L98 -> 2 | O98: =M98 -> 5349.9 | P98: 0 | Q98: 0 | R98: 0 | S98: 0
A99: CATALISA - Soluções em Engenharia Química | B99: Fevereiro | C99: 2 | D99: 1 | E99: 320 | F99: =F98+D99 -> 1 | G99: =G98+E99 -> 320 | H99: 0 | I99: 0 | J99: =J98+H99 -> 3 | K99: =K98+I99 -> 2666.7 | L99: 0 | M99: 0 | N99: =N98+L99 -> 2 | O99: =O98+M99 -> 5349.9 | P99: 2 | Q99: 4750 | R99: 2 | S99: 4750
A100: CATALISA - Soluções em Engenharia Química | B100: Março | C100: 3 | D100: 1 | E100: 420 | F100: =F99+D100 -> 2 | G100: =G99+E100 -> 740 | H100: 2 | I100: 11407.06 | J100: =J99+H100 -> 5 | K100: =K99+I100 -> 14073.76 | L100: 2 | M100: 4662.68 | N100: =N99+L100 -> 4 | O100: =O99+M100 -> 10012.58 | P100: 0 | Q100: 0 | R100: 2 | S100: 4750
...

Sheet Indicadores
A1: EMPRESA JÚNIOR | B1: Indice Mês | C1: Mês | D1: META de % de membros que executaram | E1: % DE MEMBROS QUE EXECUTARAM PROJETOS ACUMULADA | F1: Valor projetos | G1: Desempenho Execução de Projetos | H1: Média(Mensal) projetos | I1: Banda Superior (Mensal) projetos | J1: Banda Inferior (Mensal) projetos | K1: META de Faturamento | L1: FATURAMENTO | M1: INDICE faturamento | N1: Desempenho Faturamento | O1: Média Mensal faturamento | P1: Banda Superior (Mensal) faturamento | Q1: Banda Inferior (Mensal) faturamento | R1: META de % de participação em eventos | S1: % DE PARTICIPAÇÃO EM EVENTOS ACUMULADA | T1: Indicador Participação em Eventos | U1: Desempenho Participação em eventos | V1: Média eventos | W1: Banda Superior eventos | X1: Banda Inferior eventos | Y1: Banda Inferior Ajustada eventos | Z1: Desvio Padrão eventos
A2: AJTAL - ASSOCIAÇÃO JÚNIOR DE TECNÓLOGOS EM ALIMENTOS CONSULTORIA E PROJETOS | B2: =_xlfn.IFS(C2="Janeiro",1,C2="Fevereiro",2,C2="Março",3,C2="Abril",4,C2="Maio",5,C2="Junho",6,C2="Julho",7,C2="Agosto",8,C2="Setembro",9,C2="Outubro",10,C2="Novembro",11,C2="Dezembro",12,TRUE,0) -> 1 | C2: Janeiro | D2: 0 | E2: 0 | F2: =E2/D2 -> #DIV/0! | G2: =IF(F2>=#REF!,"Desempenho Ótimo",(IF(F2>#REF!,"Desempenho Bom",(IF(F2>#REF!,"Desempenho Médio",IF(F2<=#REF!,"Desempenho Deficitário",0)))))) -> #DIV/0! | H2: ='Cálculo Banda Part. Proj'!BM2 -> #DIV/0! | I2: ='Cálculo Banda Part. Proj'!BN2 -> #DIV/0! | J2: ='Cálculo Banda Part. Proj'!BO2 -> #DIV/0! | K2: 0 | L2: ='Monitoramento Acumulado Geral'!Q2 -> 0 | M2: =L2/K2 -> #DIV/0! | N2: =IF(M2>=#REF!,"Desempenho Ótimo",(IF(M2>#REF!,"Desempenho Bom",(IF(M2>#REF!,"Desempenho Médio",IF(M2<=#REF!,"Desempenho Deficitário",0)))))) -> #DIV/0! | O2: ='Cálculo Banda Faturamento'!BM2 -> #DIV/0! | P2: ='Cálculo Banda Faturamento'!BN2 -> #DIV/0! | Q2: ='Cálculo Banda Faturamento'!BO2 -> #DIV/0! | R2: 0 | S2: 0 | T2: =S2/R2 -> #DIV/0! | U2: =IF(T2>=#REF!,"Desempenho Ótimo",(IF(T2>#REF!,"Desempenho Bom",(IF(T2>#REF!,"Desempenho Médio",IF(T2<=#REF!,"Desempenho Deficitário",0)))))) -> #DIV/0! | V2: ='Cálculo Banda Part. Event.'!BM2 -> #DIV/0! | W2: ='Cálculo Banda Part. Event.'!BN2 -> #DIV/0! | X2: ='Cálculo Banda Part. Event.'!BO2 -> #DIV/0! | Y2: =IF(X2<0,X2+(Z2/2),X2) -> #DIV/0! | Z2: ='Cálculo Banda Part. Event.'!BP2 -> #DIV/0!
A3: AJTAL - ASSOCIAÇÃO JÚNIOR DE TECNÓLOGOS EM ALIMENTOS CONSULTORIA E PROJETOS | B3: =_xlfn.IFS(C3="Janeiro",1,C3="Fevereiro",2,C3="Março",3,C3="Abril",4,C3="Maio",5,C3="Junho",6,C3="Julho",7,C3="Agosto",8,C3="Setembro",9,C3="Outubro",10,C3="Novembro",11,C3="Dezembro",12,TRUE,0) -> 2 | C3: Fevereiro | D3: 0 | E3: 0 | F3: =E3/D3 -> #DIV/0! | G3: =IF(F3>=#REF!,"Desempenho Ótimo",(IF(F3>#REF!,"Desempenho Bom",(IF(F3>#REF!,"Desempenho Médio",IF(F3<=#REF!,"Desempenho Deficitário",0)))))) -> #DIV/0! | H3: ='Cálculo Banda Part. Proj'!BM3 -> #DIV/0! | I3: ='Cálculo Banda Part. Proj'!BN3 -> #DIV/0! | J3: ='Cálculo Banda Part. Proj'!BO3 -> #DIV/0! | K3: 0 | L3: ='Monitoramento Acumulado Geral'!Q3 -> 0 | M3: =(SUM(L2:L3))/K2 -> #DIV/0! | N3: =IF(M3>=#REF!,"Desempenho Ótimo",(IF(M3>#REF!,"Desempenho Bom",(IF(M3>#REF!,"Desempenho Médio",IF(M3<=#REF!,"Desempenho Deficitário",0)))))) -> #DIV/0! | O3: ='Cálculo Banda Faturamento'!BM3 -> #DIV/0! | P3: ='Cálculo Banda Faturamento'!BN3 -> #DIV/0! | Q3: ='Cálculo Banda Faturamento'!BO3 -> #DIV/0! | R3: 0 | S3: 0 | T3: =S3/R3 -> #DIV/0! | U3: =IF(T3>=#REF!,"Desempenho Ótimo",(IF(T3>#REF!,"Desempenho Bom",(IF(T3>#REF!,"Desempenho Médio",IF(T3<=#REF!,"Desempenho Deficitário",0)))))) -> #DIV/0! | V3: ='Cálculo Banda Part. Event.'!BM3 -> #DIV/0! | W3: ='Cálculo Banda Part. Event.'!BN3 -> #DIV/0! | X3: ='Cálculo Banda Part. Event.'!BO3 -> #DIV/0! | Y3: =IF(X3<0,X3+(Z3/2),X3) -> #DIV/0! | Z3: ='Cálculo Banda Part. Event.'!BP3 -> #DIV/0!
A4: AJTAL - ASSOCIAÇÃO JÚNIOR DE TECNÓLOGOS EM ALIMENTOS CONSULTORIA E PROJETOS | B4: =_xlfn.IFS(C4="Janeiro",1,C4="Fevereiro",2,C4="Março",3,C4="Abril",4,C4="Maio",5,C4="Junho",6,C4="Julho",7,C4="Agosto",8,C4="Setembro",9,C4="Outubro",10,C4="Novembro",11,C4="Dezembro",12,TRUE,0) -> 3 | C4: Março | D4: 0 | E4: 0 | F4: =E4/D4 -> #DIV/0! | G4: =IF(F4>=#REF!,"Desempenho Ótimo",(IF(F4>#REF!,"Desempenho Bom",(IF(F4>#REF!,"Desempenho Médio",IF(F4<=#REF!,"Desempenho Deficitário",0)))))) -> #DIV/0! | H4: ='Cálculo Banda Part. Proj'!BM4 -> #DIV/0! | I4: ='Cálculo Banda Part. Proj'!BN4 -> #DIV/0! | J4: ='Cálculo Banda Part. Proj'!BO4 -> #DIV/0! | K4: 0 | L4: ='Monitoramento Acumulado Geral'!Q4 -> 0 | M4: =(SUM(L2:L4))/K3 -> #DIV/0! | N4: =IF(M4>=#REF!,"Desempenho Ótimo",(IF(M4>#REF!,"Desempenho Bom",(IF(M4>#REF!,"Desempenho Médio",IF(M4<=#REF!,"Desempenho Deficitário",0)))))) -> #DIV/0! | O4: ='Cálculo Banda Faturamento'!BM4 -> #DIV/0! | P4: ='Cálculo Banda Faturamento'!BN4 -> #DIV/0! | Q4: ='Cálculo Banda Faturamento'!BO4 -> #DIV/0! | R4: 0 | S4: 0 | T4: =S4/R4 -> #DIV/0! | U4: =IF(T4>=#REF!,"Desempenho Ótimo",(IF(T4>#REF!,"Desempenho Bom",(IF(T4>#REF!,"Desempenho Médio",IF(T4<=#REF!,"Desempenho Deficitário",0)))))) -> #DIV/0! | V4: ='Cálculo Banda Part. Event.'!BM4 -> #DIV/0! | W4: ='Cálculo Banda Part. Event.'!BN4 -> #DIV/0! | X4: ='Cálculo Banda Part. Event.'!BO4 -> #DIV/0! | Y4: =IF(X4<0,X4+(Z4/2),X4) -> #DIV/0! | Z4: ='Cálculo Banda Part. Event.'!BP4 -> #DIV/0!
A5: AJTAL - ASSOCIAÇÃO JÚNIOR DE TECNÓLOGOS EM ALIMENTOS CONSULTORIA E PROJETOS | B5: =_xlfn.IFS(C5="Janeiro",1,C5="Fevereiro",2,C5="Março",3,C5="Abril",4,C5="Maio",5,C5="Junho",6,C5="Julho",7,C5="Agosto",8,C5="Setembro",9,C5="Outubro",10,C5="Novembro",11,C5="Dezembro",12,TRUE,0) -> 4 | C5: Abril | D5: 0 | E5: 0 | F5: =E5/D5 -> #DIV/0! | G5: =IF(F5>=#REF!,"Desempenho Ótimo",(IF(F5>#REF!,"Desempenho Bom",(IF(F5>#REF!,"Desempenho Médio",IF(F5<=#REF!,"Desempenho Deficitário",0)))))) -> #DIV/0! | H5: ='Cálculo Banda Part. Proj'!BM5 -> #DIV/0! | I5: ='Cálculo Banda Part. Proj'!BN5 -> #DIV/0! | J5: ='Cálculo Banda Part. Proj'!BO5 -> #DIV/0! | K5: 0 | L5: ='Monitoramento Acumulado Geral'!Q5 -> 0 | M5: =(SUM(L2:L5))/K4 -> #DIV/0! | N5: =IF(M5>=#REF!,"Desempenho Ótimo",(IF(M5>#REF!,"Desempenho Bom",(IF(M5>#REF!,"Desempenho Médio",IF(M5<=#REF!,"Desempenho Deficitário",0)))))) -> #DIV/0! | O5: ='Cálculo Banda Faturamento'!BM5 -> #DIV/0! | P5: ='Cálculo Banda Faturamento'!BN5 -> #DIV/0! | Q5: ='Cálculo Banda Faturamento'!BO5 -> #DIV/0! | R5: 0 | S5: 0 | T5: =S5/R5 -> #DIV/0! | U5: =IF(T5>=#REF!,"Desempenho Ótimo",(IF(T5>#REF!,"Desempenho Bom",(IF(T5>#REF!,"Desempenho Médio",IF(T5<=#REF!,"Desempenho Deficitário",0)))))) -> #DIV/0! | V5: ='Cálculo Banda Part. Event.'!BM5 -> #DIV/0! | W5: ='Cálculo Banda Part. Event.'!BN5 -> #DIV/0! | X5: ='Cálculo Banda Part. Event.'!BO5 -> #DIV/0! | Y5: =IF(X5<0,X5+(Z5/2),X5) -> #DIV/0! | Z5: ='Cálculo Banda Part. Event.'!BP5 -> #DIV/0!
A6: AJTAL - ASSOCIAÇÃO JÚNIOR DE TECNÓLOGOS EM ALIMENTOS CONSULTORIA E PROJETOS | B6: =_xlfn.IFS(C6="Janeiro",1,C6="Fevereiro",2,C6="Março",3,C6="Abril",4,C6="Maio",5,C6="Junho",6,C6="Julho",7,C6="Agosto",8,C6="Setembro",9,C6="Outubro",10,C6="Novembro",11,C6="Dezembro",12,TRUE,0) -> 5 | C6: Maio | D6: 0 | E6: 0 | F6: =E6/D6 -> #DIV/0! | G6: =IF(F6>=#REF!,"Desempenho Ótimo",(IF(F6>#REF!,"Desempenho Bom",(IF(F6>#REF!,"Desempenho Médio",IF(F6<=#REF!,"Desempenho Deficitário",0)))))) -> #DIV/0! | H6: ='Cálculo Banda Part. Proj'!BM6 -> #DIV/0! | I6: ='Cálculo Banda Part. Proj'!BN6 -> #DIV/0! | J6: ='Cálculo Banda Part. Proj'!BO6 -> #DIV/0! | K6: 0 | L6: ='Monitoramento Acumulado Geral'!Q6 -> 0 | M6: =(SUM(L2:L6))/K5 -> #DIV/0! | N6: =IF(M6>=#REF!,"Desempenho Ótimo",(IF(M6>#REF!,"Desempenho Bom",(IF(M6>#REF!,"Desempenho Médio",IF(M6<=#REF!,"Desempenho Deficitário",0)))))) -> #DIV/0! | O6: ='Cálculo Banda Faturamento'!BM6 -> #DIV/0! | P6: ='Cálculo Banda Faturamento'!BN6 -> #DIV/0! | Q6: ='Cálculo Banda Faturamento'!BO6 -> #DIV/0! | R6: 0 | S6: 0 | T6: =S6/R6 -> #DIV/0! | U6: =IF(T6>=#REF!,"Desempenho Ótimo",(IF(T6>#REF!,"Desempenho Bom",(IF(T6>#REF!,"Desempenho Médio",IF(T6<=#REF!,"Desempenho Deficitário",0)))))) -> #DIV/0! | V6: ='Cálculo Banda Part. Event.'!BM6 -> #DIV/0! | W6: ='Cálculo Banda Part. Event.'!BN6 -> #DIV/0! | X6: ='Cálculo Banda Part. Event.'!BO6 -> #DIV/0! | Y6: =IF(X6<0,X6+(Z6/2),X6) -> #DIV/0! | Z6: ='Cálculo Banda Part. Event.'!BP6 -> #DIV/0!
A7: AJTAL - ASSOCIAÇÃO JÚNIOR DE TECNÓLOGOS EM ALIMENTOS CONSULTORIA E PROJETOS | B7: =_xlfn.IFS(C7="Janeiro",1,C7="Fevereiro",2,C7="Março",3,C7="Abril",4,C7="Maio",5,C7="Junho",6,C7="Julho",7,C7="Agosto",8,C7="Setembro",9,C7="Outubro",10,C7="Novembro",11,C7="Dezembro",12,TRUE,0) -> 6 | C7: Junho | D7: 0 | E7: 0 | F7: =E7/D7 -> #DIV/0! | G7: =IF(F7>=#REF!,"Desempenho Ótimo",(IF(F7>#REF!,"Desempenho Bom",(IF(F7>#REF!,"Desempenho Médio",IF(F7<=#REF!,"Desempenho Deficitário",0)))))) -> #DIV/0! | H7: ='Cálculo Banda Part. Proj'!BM7 -> #DIV/0! | I7: ='Cálculo Banda Part. Proj'!BN7 -> #DIV/0! | J7: ='Cálculo Banda Part. Proj'!BO7 -> #DIV/0! | K7: 0 | L7: ='Monitoramento Acumulado Geral'!Q7 -> 0 | M7: =(SUM(L2:L7))/K6 -> #DIV/0! | N7: =IF(M7>=#REF!,"Desempenho Ótimo",(IF(M7>#REF!,"Desempenho Bom",(IF(M7>#REF!,"Desempenho Médio",IF(M7<=#REF!,"Desempenho Deficitário",0)))))) -> #DIV/0! | O7: ='Cálculo Banda Faturamento'!BM7 -> #DIV/0! | P7: ='Cálculo Banda Faturamento'!BN7 -> #DIV/0! | Q7: ='Cálculo Banda Faturamento'!BO7 -> #DIV/0! | R7: 0 | S7: 0 | T7: =S7/R7 -> #DIV/0! | U7: =IF(T7>=#REF!,"Desempenho Ótimo",(IF(T7>#REF!,"Desempenho Bom",(IF(T7>#REF!,"Desempenho Médio",IF(T7<=#REF!,"Desempenho Deficitário",0)))))) -> #DIV/0! | V7: ='Cálculo Banda Part. Event.'!BM7 -> #DIV/0! | W7: ='Cálculo Banda Part. Event.'!BN7 -> #DIV/0! | X7: ='Cálculo Banda Part. Event.'!BO7 -> #DIV/0! | Y7: =IF(X7<0,X7+(Z7/2),X7) -> #DIV/0! | Z7: ='Cálculo Banda Part. Event.'!BP7 -> #DIV/0!
A8: AJTAL - ASSOCIAÇÃO JÚNIOR DE TECNÓLOGOS EM ALIMENTOS CONSULTORIA E PROJETOS | B8: =_xlfn.IFS(C8="Janeiro",1,C8="Fevereiro",2,C8="Março",3,C8="Abril",4,C8="Maio",5,C8="Junho",6,C8="Julho",7,C8="Agosto",8,C8="Setembro",9,C8="Outubro",10,C8="Novembro",11,C8="Dezembro",12,TRUE,0) -> 7 | C8: Julho | D8: 0 | E8: 0 | F8: =E8/D8 -> #DIV/0! | G8: =IF(F8>=#REF!,"Desempenho Ótimo",(IF(F8>#REF!,"Desempenho Bom",(IF(F8>#REF!,"Desempenho Médio",IF(F8<=#REF!,"Desempenho Deficitário",0)))))) -> #DIV/0! | H8: ='Cálculo Banda Part. Proj'!BM8 -> #DIV/0! | I8: ='Cálculo Banda Part. Proj'!BN8 -> #DIV/0! | J8: ='Cálculo Banda Part. Proj'!BO8 -> #DIV/0! | K8: 0 | L8: ='Monitoramento Acumulado Geral'!Q8 -> 0 | M8: =(SUM(L2:L8))/K7 -> #DIV/0! | N8: =IF(M8>=#REF!,"Desempenho Ótimo",(IF(M8>#REF!,"Desempenho Bom",(IF(M8>#REF!,"Desempenho Médio",IF(M8<=#REF!,"Desempenho Deficitário",0)))))) -> #DIV/0! | O8: ='Cálculo Banda Faturamento'!BM8 -> #DIV/0! | P8: ='Cálculo Banda Faturamento'!BN8 -> #DIV/0! | Q8: ='Cálculo Banda Faturamento'!BO8 -> #DIV/0! | R8: 0 | S8: 0 | T8: =S8/R8 -> #DIV/0! | U8: =IF(T8>=#REF!,"Desempenho Ótimo",(IF(T8>#REF!,"Desempenho Bom",(IF(T8>#REF!,"Desempenho Médio",IF(T8<=#REF!,"Desempenho Deficitário",0)))))) -> #DIV/0! | V8: ='Cálculo Banda Part. Event.'!BM8 -> #DIV/0! | W8: ='Cálculo Banda Part. Event.'!BN8 -> #DIV/0! | X8: ='Cálculo Banda Part. Event.'!BO8 -> #DIV/0! | Y8: =IF(X8<0,X8+(Z8/2),X8) -> #DIV/0! | Z8: ='Cálculo Banda Part. Event.'!BP8 -> #DIV/0!
A9: AJTAL - ASSOCIAÇÃO JÚNIOR DE TECNÓLOGOS EM ALIMENTOS CONSULTORIA E PROJETOS | B9: =_xlfn.IFS(C9="Janeiro",1,C9="Fevereiro",2,C9="Março",3,C9="Abril",4,C9="Maio",5,C9="Junho",6,C9="Julho",7,C9="Agosto",8,C9="Setembro",9,C9="Outubro",10,C9="Novembro",11,C9="Dezembro",12,TRUE,0) -> 8 | C9: Agosto | D9: 0 | E9: 44 | F9: =E9/D9 -> #DIV/0! | G9: =IF(F9>=#REF!,"Desempenho Ótimo",(IF(F9>#REF!,"Desempenho Bom",(IF(F9>#REF!,"Desempenho Médio",IF(F9<=#REF!,"Desempenho Deficitário",0)))))) -> #DIV/0! | H9: ='Cálculo Banda Part. Proj'!BM9 -> #DIV/0! | I9: ='Cálculo Banda Part. Proj'!BN9 -> #DIV/0! | J9: ='Cálculo Banda Part. Proj'!BO9 -> #DIV/0! | K9: 0 | L9: ='Monitoramento Acumulado Geral'!Q9 -> 240 | M9: =(SUM(L2:L9))/K8 -> #DIV/0! | N9: =IF(M9>=#REF!,"Desempenho Ótimo",(IF(M9>#REF!,"Desempenho Bom",(IF(M9>#REF!,"Desempenho Médio",IF(M9<=#REF!,"Desempenho Deficitário",0)))))) -> #DIV/0! | O9: ='Cálculo Banda Faturamento'!BM9 -> #DIV/0! | P9: ='Cálculo Banda Faturamento'!BN9 -> #DIV/0! | Q9: ='Cálculo Banda Faturamento'!BO9 -> #DIV/0! | R9: 0 | S9: 0 | T9: =S9/R9 -> #DIV/0! | U9: =IF(T9>=#REF!,"Desempenho Ótimo",(IF(T9>#REF!,"Desempenho Bom",(IF(T9>#REF!,"Desempenho Médio",IF(T9<=#REF!,"Desempenho Deficitário",0)))))) -> #DIV/0! | V9: ='Cálculo Banda Part. Event.'!BM9 -> #DIV/0! | W9: ='Cálculo Banda Part. Event.'!BN9 -> #DIV/0! | X9: ='Cálculo Banda Part. Event.'!BO9 -> #DIV/0! | Y9: =IF(X9<0,X9+(Z9/2),X9) -> #DIV/0! | Z9: ='Cálculo Banda Part. Event.'!BP9 -> #DIV/0!
A10: AJTAL - ASSOCIAÇÃO JÚNIOR DE TECNÓLOGOS EM ALIMENTOS CONSULTORIA E PROJETOS | B10: =_xlfn.IFS(C10="Janeiro",1,C10="Fevereiro",2,C10="Março",3,C10="Abril",4,C10="Maio",5,C10="Junho",6,C10="Julho",7,C10="Agosto",8,C10="Setembro",9,C10="Outubro",10,C10="Novembro",11,C10="Dezembro",12,TRUE,0) -> 9 | C10: Setembro | D10: 0 | E10: 44 | F10: =E10/D10 -> #DIV/0! | G10: =IF(F10>=#REF!,"Desempenho Ótimo",(IF(F10>#REF!,"Desempenho Bom",(IF(F10>#REF!,"Desempenho Médio",IF(F10<=#REF!,"Desempenho Deficitário",0)))))) -> #DIV/0! | H10: ='Cálculo Banda Part. Proj'!BM10 -> #DIV/0! | I10: ='Cálculo Banda Part. Proj'!BN10 -> #DIV/0! | J10: ='Cálculo Banda Part. Proj'!BO10 -> #DIV/0! | K10: 0 | L10: ='Monitoramento Acumulado Geral'!Q10 -> 0 | M10: =(SUM(L2:L10))/K9 -> #DIV/0! | N10: =IF(M10>=#REF!,"Desempenho Ótimo",(IF(M10>#REF!,"Desempenho Bom",(IF(M10>#REF!,"Desempenho Médio",IF(M10<=#REF!,"Desempenho Deficitário",0)))))) -> #DIV/0! | O10: ='Cálculo Banda Faturamento'!BM10 -> #DIV/0! | P10: ='Cálculo Banda Faturamento'!BN10 -> #DIV/0! | Q10: ='Cálculo Banda Faturamento'!BO10 -> #DIV/0! | R10: 0 | S10: 0 | T10: =S10/R10 -> #DIV/0! | U10: =IF(T10>=#REF!,"Desempenho Ótimo",(IF(T10>#REF!,"Desempenho Bom",(IF(T10>#REF!,"Desempenho Médio",IF(T10<=#REF!,"Desempenho Deficitário",0)))))) -> #DIV/0! | V10: ='Cálculo Banda Part. Event.'!BM10 -> #DIV/0! | W10: ='Cálculo Banda Part. Event.'!BN10 -> #DIV/0! | X10: ='Cálculo Banda Part. Event.'!BO10 -> #DIV/0! | Y10: =IF(X10<0,X10+(Z10/2),X10) -> #DIV/0! | Z10: ='Cálculo Banda Part. Event.'!BP10 -> #DIV/0!
A11: AJTAL - ASSOCIAÇÃO JÚNIOR DE TECNÓLOGOS EM ALIMENTOS CONSULTORIA E PROJETOS | B11: =_xlfn.IFS(C11="Janeiro",1,C11="Fevereiro",2,C11="Março",3,C11="Abril",4,C11="Maio",5,C11="Junho",6,C11="Julho",7,C11="Agosto",8,C11="Setembro",9,C11="Outubro",10,C11="Novembro",11,C11="Dezembro",12,TRUE,0) -> 10 | C11: Outubro | D11: 0 | E11: 44 | F11: =E11/D11 -> #DIV/0! | G11: =IF(F11>=#REF!,"Desempenho Ótimo",(IF(F11>#REF!,"Desempenho Bom",(IF(F11>#REF!,"Desempenho Médio",IF(F11<=#REF!,"Desempenho Deficitário",0)))))) -> #DIV/0! | H11: ='Cálculo Banda Part. Proj'!BM11 -> #DIV/0! | I11: ='Cálculo Banda Part. Proj'!BN11 -> #DIV/0! | J11: ='Cálculo Banda Part. Proj'!BO11 -> #DIV/0! | K11: 0 | L11: ='Monitoramento Acumulado Geral'!Q11 -> 0 | M11: =(SUM(L2:L11))/K10 -> #DIV/0! | N11: =IF(M11>=#REF!,"Desempenho Ótimo",(IF(M11>#REF!,"Desempenho Bom",(IF(M11>#REF!,"Desempenho Médio",IF(M11<=#REF!,"Desempenho Deficitário",0)))))) -> #DIV/0! | O11: ='Cálculo Banda Faturamento'!BM11 -> #DIV/0! | P11: ='Cálculo Banda Faturamento'!BN11 -> #DIV/0! | Q11: ='Cálculo Banda Faturamento'!BO11 -> #DIV/0! | R11: 0 | S11: 0 | T11: =S11/R11 -> #DIV/0! | U11: =IF(T11>=#REF!,"Desempenho Ótimo",(IF(T11>#REF!,"Desempenho Bom",(IF(T11>#REF!,"Desempenho Médio",IF(T11<=#REF!,"Desempenho Deficitário",0)))))) -> #DIV/0! | V11: ='Cálculo Banda Part. Event.'!BM11 -> #DIV/0! | W11: ='Cálculo Banda Part. Event.'!BN11 -> #DIV/0! | X11: ='Cálculo Banda Part. Event.'!BO11 -> #DIV/0! | Y11: =IF(X11<0,X11+(Z11/2),X11) -> #DIV/0! | Z11: ='Cálculo Banda Part. Event.'!BP11 -> #DIV/0!
A12: AJTAL - ASSOCIAÇÃO JÚNIOR DE TECNÓLOGOS EM ALIMENTOS CONSULTORIA E PROJETOS | B12: =_xlfn.IFS(C12="Janeiro",1,C12="Fevereiro",2,C12="Março",3,C12="Abril",4,C12="Maio",5,C12="Junho",6,C12="Julho",7,C12="Agosto",8,C12="Setembro",9,C12="Outubro",10,C12="Novembro",11,C12="Dezembro",12,TRUE,0) -> 11 | C12: Novembro | D12: 0 | F12: =E12/D12 -> #DIV/0! | G12: =IF(F12>=#REF!,"Desempenho Ótimo",(IF(F12>#REF!,"Desempenho Bom",(IF(F12>#REF!,"Desempenho Médio",IF(F12<=#REF!,"Desempenho Deficitário",0)))))) -> #DIV/0! | H12: ='Cálculo Banda Part. Proj'!BM12 -> #DIV/0! | I12: ='Cálculo Banda Part. Proj'!BN12 -> #DIV/0! | J12: ='Cálculo Banda Part. Proj'!BO12 -> #DIV/0! | K12: 0 | L12: ='Monitoramento Acumulado Geral'!Q12 -> 0 | M12: =(SUM(L2:L12))/K11 -> #DIV/0! | N12: =IF(M12>=#REF!,"Desempenho Ótimo",(IF(M12>#REF!,"Desempenho Bom",(IF(M12>#REF!,"Desempenho Médio",IF(M12<=#REF!,"Desempenho Deficitário",0)))))) -> #DIV/0! | O12: ='Cálculo Banda Faturamento'!BM12 -> #DIV/0! | P12: ='Cálculo Banda Faturamento'!BN12 -> #DIV/0! | Q12: ='Cálculo Banda Faturamento'!BO12 -> #DIV/0! | R12: 0 | S12: 0 | T12: =S12/R12 -> #DIV/0! | U12: =IF(T12>=#REF!,"Desempenho Ótimo",(IF(T12>#REF!,"Desempenho Bom",(IF(T12>#REF!,"Desempenho Médio",IF(T12<=#REF!,"Desempenho Deficitário",0)))))) -> #DIV/0! | V12: ='Cálculo Banda Part. Event.'!BM12 -> #DIV/0! | W12: ='Cálculo Banda Part. Event.'!BN12 -> #DIV/0! | X12: ='Cálculo Banda Part. Event.'!BO12 -> #DIV/0! | Y12: =IF(X12<0,X12+(Z12/2),X12) -> #DIV/0! | Z12: ='Cálculo Banda Part. Event.'!BP12 -> #DIV/0!
A13: AJTAL - ASSOCIAÇÃO JÚNIOR DE TECNÓLOGOS EM ALIMENTOS CONSULTORIA E PROJETOS | B13: =_xlfn.IFS(C13="Janeiro",1,C13="Fevereiro",2,C13="Março",3,C13="Abril",4,C13="Maio",5,C13="Junho",6,C13="Julho",7,C13="Agosto",8,C13="Setembro",9,C13="Outubro",10,C13="Novembro",11,C13="Dezembro",12,TRUE,0) -> 12 | C13: Dezembro | D13: 0 | F13: =E13/D13 -> #DIV/0! | G13: =IF(F13>=#REF!,"Desempenho Ótimo",(IF(F13>#REF!,"Desempenho Bom",(IF(F13>#REF!,"Desempenho Médio",IF(F13<=#REF!,"Desempenho Deficitário",0)))))) -> #DIV/0! | H13: ='Cálculo Banda Part. Proj'!BM13 -> #DIV/0! | I13: ='Cálculo Banda Part. Proj'!BN13 -> #DIV/0! | J13: ='Cálculo Banda Part. Proj'!BO13 -> #DIV/0! | K13: 0 | L13: ='Monitoramento Acumulado Geral'!Q13 -> 0 | M13: =(SUM(L2:L13))/K12 -> #DIV/0! | N13: =IF(M13>=P1,"Desempenho Ótimo",(IF(M13>O1,"Desempenho Bom",(IF(M13>Q1,"Desempenho Médio",IF(M13<=Q1,"Desempenho Deficitário",0)))))) -> #DIV/0! | O13: ='Cálculo Banda Faturamento'!BM13 -> #DIV/0! | P13: ='Cálculo Banda Faturamento'!BN13 -> #DIV/0! | Q13: ='Cálculo Banda Faturamento'!BO13 -> #DIV/0! | R13: 0 | S13: 0 | T13: =S13/R13 -> #DIV/0! | U13: =IF(T13>=#REF!,"Desempenho Ótimo",(IF(T13>#REF!,"Desempenho Bom",(IF(T13>#REF!,"Desempenho Médio",IF(T13<=#REF!,"Desempenho Deficitário",0)))))) -> #DIV/0! | V13: ='Cálculo Banda Part. Event.'!BM13 -> #DIV/0! | W13: ='Cálculo Banda Part. Event.'!BN13 -> #DIV/0! | X13: ='Cálculo Banda Part. Event.'!BO13 -> #DIV/0! | Y13: =IF(X13<0,X13+(Z13/2),X13) -> #DIV/0! | Z13: ='Cálculo Banda Part. Event.'!BP13 -> #DIV/0!
A14: Atena Consultoria Jr. | B14: =_xlfn.IFS(C14="Janeiro",1,C14="Fevereiro",2,C14="Março",3,C14="Abril",4,C14="Maio",5,C14="Junho",6,C14="Julho",7,C14="Agosto",8,C14="Setembro",9,C14="Outubro",10,C14="Novembro",11,C14="Dezembro",12,TRUE,0) -> 1 | C14: Janeiro | D14: 75 | E14: 50 | F14: =E14/D14 -> 0.66666667 | G14: =IF(F14>=I2,"Desempenho Ótimo",(IF(F14>H2,"Desempenho Bom",(IF(F14>J2,"Desempenho Médio",IF(F14<=J2,"Desempenho Deficitário",0)))))) -> #DIV/0! | H14: =H2 -> #DIV/0! | I14: =I2 -> #DIV/0! | J14: =J2 -> #DIV/0! | K14: 16700 | L14: ='Monitoramento Acumulado Geral'!Q14 -> 1892 | M14: =L14/K14 -> 0.11329341 | N14: =IF(M14>=P2,"Desempenho Ótimo",(IF(M14>O2,"Desempenho Bom",(IF(M14>Q2,"Desempenho Médio",IF(M14<=Q2,"Desempenho Deficitário",0)))))) -> #DIV/0! | O14: =O2 -> #DIV/0! | P14: =P2 -> #DIV/0! | Q14: =Q2 -> #DIV/0! | R14: 80 | S14: 0 | T14: =S14/R14 -> 0 | U14: =IF(T14>=W2,"Desempenho Ótimo",(IF(T14>V2,"Desempenho Bom",(IF(T14>X2,"Desempenho Médio",IF(T14<=X2,"Desempenho Deficitário",0)))))) -> #DIV/0! | V14: =V2 -> #DIV/0! | W14: =W2 -> #DIV/0! | X14: =X2 -> #DIV/0! | Y14: =Y2 -> #DIV/0! | Z14: =Z2 -> #DIV/0!
A15: Atena Consultoria Jr. | B15: =_xlfn.IFS(C15="Janeiro",1,C15="Fevereiro",2,C15="Março",3,C15="Abril",4,C15="Maio",5,C15="Junho",6,C15="Julho",7,C15="Agosto",8,C15="Setembro",9,C15="Outubro",10,C15="Novembro",11,C15="Dezembro",12,TRUE,0) -> 2 | C15: Fevereiro | D15: 75 | E15: 100 | F15: =E15/D15 -> 1.3333333 | G15: =IF(F15>=I3,"Desempenho Ótimo",(IF(F15>H3,"Desempenho Bom",(IF(F15>J3,"Desempenho Médio",IF(F15<=J3,"Desempenho Deficitário",0)))))) -> #DIV/0! | H15: =H3 -> #DIV/0! | I15: =I3 -> #DIV/0! | J15: =J3 -> #DIV/0! | K15: 16700 | L15: ='Monitoramento Acumulado Geral'!Q15 -> 5605 | M15: =(SUM(L14:L15))/K14 -> 0.44892216 | N15: =IF(M15>=P3,"Desempenho Ótimo",(IF(M15>O3,"Desempenho Bom",(IF(M15>Q3,"Desempenho Médio",IF(M15<=Q3,"Desempenho Deficitário",0)))))) -> #DIV/0! | O15: =O3 -> #DIV/0! | P15: =P3 -> #DIV/0! | Q15: =Q3 -> #DIV/0! | R15: 80 | S15: 0 | T15: =S15/R15 -> 0 | U15: =IF(T15>=W3,"Desempenho Ótimo",(IF(T15>V3,"Desempenho Bom",(IF(T15>X3,"Desempenho Médio",IF(T15<=X3,"Desempenho Deficitário",0)))))) -> #DIV/0! | V15: =V3 -> #DIV/0! | W15: =W3 -> #DIV/0! | X15: =X3 -> #DIV/0! | Y15: =Y3 -> #DIV/0! | Z15: =Z3 -> #DIV/0!
A16: Atena Consultoria Jr. | B16: =_xlfn.IFS(C16="Janeiro",1,C16="Fevereiro",2,C16="Março",3,C16="Abril",4,C16="Maio",5,C16="Junho",6,C16="Julho",7,C16="Agosto",8,C16="Setembro",9,C16="Outubro",10,C16="Novembro",11,C16="Dezembro",12,TRUE,0) -> 3 | C16: Março | D16: 75 | E16: 100 | F16: =E16/D16 -> 1.3333333 | G16: =IF(F16>=I4,"Desempenho Ótimo",(IF(F16>H4,"Desempenho Bom",(IF(F16>J4,"Desempenho Médio",IF(F16<=J4,"Desempenho Deficitário",0)))))) -> #DIV/0! | H16: =H4 -> #DIV/0! | I16: =I4 -> #DIV/0! | J16: =J4 -> #DIV/0! | K16: 16700 | L16: ='Monitoramento Acumulado Geral'!Q16 -> 0 | M16: =(SUM(L14:L16))/K15 -> 0.44892216 | N16: =IF(M16>=P4,"Desempenho Ótimo",(IF(M16>O4,"Desempenho Bom",(IF(M16>Q4,"Desempenho Médio",IF(M16<=Q4,"Desempenho Deficitário",0)))))) -> #DIV/0! | O16: =O4 -> #DIV/0! | P16: =P4 -> #DIV/0! | Q16: =Q4 -> #DIV/0! | R16: 80 | S16: 0 | T16: =S16/R16 -> 0 | U16: =IF(T16>=W4,"Desempenho Ótimo",(IF(T16>V4,"Desempenho Bom",(IF(T16>X4,"Desempenho Médio",IF(T16<=X4,"Desempenho Deficitário",0)))))) -> #DIV/0! | V16: =V4 -> #DIV/0! | W16: =W4 -> #DIV/0! | X16: =X4 -> #DIV/0! | Y16: =Y4 -> #DIV/0! | Z16: =Z4 -> #DIV/0!
A17: Atena Consultoria Jr. | B17: =_xlfn.IFS(C17="Janeiro",1,C17="Fevereiro",2,C17="Março",3,C17="Abril",4,C17="Maio",5,C17="Junho",6,C17="Julho",7,C17="Agosto",8,C17="Setembro",9,C17="Outubro",10,C17="Novembro",11,C17="Dezembro",12,TRUE,0) -> 4 | C17: Abril | D17: 75 | E17: 100 | F17: =E17/D17 -> 1.3333333 | G17: =IF(F17>=I5,"Desempenho Ótimo",(IF(F17>H5,"Desempenho Bom",(IF(F17>J5,"Desempenho Médio",IF(F17<=J5,"Desempenho Deficitário",0)))))) -> #DIV/0! | H17: =H5 -> #DIV/0! | I17: =I5 -> #DIV/0! | J17: =J5 -> #DIV/0! | K17: 16700 | L17: ='Monitoramento Acumulado Geral'!Q17 -> 0 | M17: =(SUM(L14:L17))/K16 -> 0.44892216 | N17: =IF(M17>=P5,"Desempenho Ótimo",(IF(M17>O5,"Desempenho Bom",(IF(M17>Q5,"Desempenho Médio",IF(M17<=Q5,"Desempenho Deficitário",0)))))) -> #DIV/0! | O17: =O5 -> #DIV/0! | P17: =P5 -> #DIV/0! | Q17: =Q5 -> #DIV/0! | R17: 80 | S17: 0 | T17: =S17/R17 -> 0 | U17: =IF(T17>=W5,"Desempenho Ótimo",(IF(T17>V5,"Desempenho Bom",(IF(T17>X5,"Desempenho Médio",IF(T17<=X5,"Desempenho Deficitário",0)))))) -> #DIV/0! | V17: =V5 -> #DIV/0! | W17: =W5 -> #DIV/0! | X17: =X5 -> #DIV/0! | Y17: =Y5 -> #DIV/0! | Z17: =Z5 -> #DIV/0!
A18: Atena Consultoria Jr. | B18: =_xlfn.IFS(C18="Janeiro",1,C18="Fevereiro",2,C18="Março",3,C18="Abril",4,C18="Maio",5,C18="Junho",6,C18="Julho",7,C18="Agosto",8,C18="Setembro",9,C18="Outubro",10,C18="Novembro",11,C18="Dezembro",12,TRUE,0) -> 5 | C18: Maio | D18: 75 | E18: 100 | F18: =E18/D18 -> 1.3333333 | G18: =IF(F18>=I6,"Desempenho Ótimo",(IF(F18>H6,"Desempenho Bom",(IF(F18>J6,"Desempenho Médio",IF(F18<=J6,"Desempenho Deficitário",0)))))) -> #DIV/0! | H18: =H6 -> #DIV/0! | I18: =I6 -> #DIV/0! | J18: =J6 -> #DIV/0! | K18: 16700 | L18: ='Monitoramento Acumulado Geral'!Q18 -> 0 | M18: =(SUM(L14:L18))/K17 -> 0.44892216 | N18: =IF(M18>=P6,"Desempenho Ótimo",(IF(M18>O6,"Desempenho Bom",(IF(M18>Q6,"Desempenho Médio",IF(M18<=Q6,"Desempenho Deficitário",0)))))) -> #DIV/0! | O18: =O6 -> #DIV/0! | P18: =P6 -> #DIV/0! | Q18: =Q6 -> #DIV/0! | R18: 80 | S18: 100 | T18: =S18/R18 -> 1.25 | U18: =IF(T18>=W6,"Desempenho Ótimo",(IF(T18>V6,"Desempenho Bom",(IF(T18>X6,"Desempenho Médio",IF(T18<=X6,"Desempenho Deficitário",0)))))) -> #DIV/0! | V18: =V6 -> #DIV/0! | W18: =W6 -> #DIV/0! | X18: =X6 -> #DIV/0! | Y18: =Y6 -> #DIV/0! | Z18: =Z6 -> #DIV/0!
A19: Atena Consultoria Jr. | B19: =_xlfn.IFS(C19="Janeiro",1,C19="Fevereiro",2,C19="Março",3,C19="Abril",4,C19="Maio",5,C19="Junho",6,C19="Julho",7,C19="Agosto",8,C19="Setembro",9,C19="Outubro",10,C19="Novembro",11,C19="Dezembro",12,TRUE,0) -> 6 | C19: Junho | D19: 75 | E19: 100 | F19: =E19/D19 -> 1.3333333 | G19: =IF(F19>=I7,"Desempenho Ótimo",(IF(F19>H7,"Desempenho Bom",(IF(F19>J7,"Desempenho Médio",IF(F19<=J7,"Desempenho Deficitário",0)))))) -> #DIV/0! | H19: =H7 -> #DIV/0! | I19: =I7 -> #DIV/0! | J19: =J7 -> #DIV/0! | K19: 16700 | L19: ='Monitoramento Acumulado Geral'!Q19 -> 2220 | M19: =(SUM(L14:L19))/K18 -> 0.58185629 | N19: =IF(M19>=P7,"Desempenho Ótimo",(IF(M19>O7,"Desempenho Bom",(IF(M19>Q7,"Desempenho Médio",IF(M19<=Q7,"Desempenho Deficitário",0)))))) -> #DIV/0! | O19: =O7 -> #DIV/0! | P19: =P7 -> #DIV/0! | Q19: =Q7 -> #DIV/0! | R19: 80 | S19: 100 | T19: =S19/R19 -> 1.25 | U19: =IF(T19>=W7,"Desempenho Ótimo",(IF(T19>V7,"Desempenho Bom",(IF(T19>X7,"Desempenho Médio",IF(T19<=X7,"Desempenho Deficitário",0)))))) -> #DIV/0! | V19: =V7 -> #DIV/0! | W19: =W7 -> #DIV/0! | X19: =X7 -> #DIV/0! | Y19: =Y7 -> #DIV/0! | Z19: =Z7 -> #DIV/0!
A20: Atena Consultoria Jr. | B20: =_xlfn.IFS(C20="Janeiro",1,C20="Fevereiro",2,C20="Março",3,C20="Abril",4,C20="Maio",5,C20="Junho",6,C20="Julho",7,C20="Agosto",8,C20="Setembro",9,C20="Outubro",10,C20="Novembro",11,C20="Dezembro",12,TRUE,0) -> 7 | C20: Julho | D20: 75 | E20: 100 | F20: =E20/D20 -> 1.3333333 | G20: =IF(F20>=I8,"Desempenho Ótimo",(IF(F20>H8,"Desempenho Bom",(IF(F20>J8,"Desempenho Médio",IF(F20<=J8,"Desempenho Deficitário",0)))))) -> #DIV/0! | H20: =H8 -> #DIV/0! | I20: =I8 -> #DIV/0! | J20: =J8 -> #DIV/0! | K20: 16700 | L20: ='Monitoramento Acumulado Geral'!Q20 -> 1800 | M20: =(SUM(L14:L20))/K19 -> 0.68964072 | N20: =IF(M20>=P8,"Desempenho Ótimo",(IF(M20>O8,"Desempenho Bom",(IF(M20>Q8,"Desempenho Médio",IF(M20<=Q8,"Desempenho Deficitário",0)))))) -> #DIV/0! | O20: =O8 -> #DIV/0! | P20: =P8 -> #DIV/0! | Q20: =Q8 -> #DIV/0! | R20: 80 | S20: 100 | T20: =S20/R20 -> 1.25 | U20: =IF(T20>=W8,"Desempenho Ótimo",(IF(T20>V8,"Desempenho Bom",(IF(T20>X8,"Desempenho Médio",IF(T20<=X8,"Desempenho Deficitário",0)))))) -> #DIV/0! | V20: =V8 -> #DIV/0! | W20: =W8 -> #DIV/0! | X20: =X8 -> #DIV/0! | Y20: =Y8 -> #DIV/0! | Z20: =Z8 -> #DIV/0!
A21: Atena Consultoria Jr. | B21: =_xlfn.IFS(C21="Janeiro",1,C21="Fevereiro",2,C21="Março",3,C21="Abril",4,C21="Maio",5,C21="Junho",6,C21="Julho",7,C21="Agosto",8,C21="Setembro",9,C21="Outubro",10,C21="Novembro",11,C21="Dezembro",12,TRUE,0) -> 8 | C21: Agosto | D21: 75 | E21: 100 | F21: =E21/D21 -> 1.3333333 | G21: =IF(F21>=I9,"Desempenho Ótimo",(IF(F21>H9,"Desempenho Bom",(IF(F21>J9,"Desempenho Médio",IF(F21<=J9,"Desempenho Deficitário",0)))))) -> #DIV/0! | H21: =H9 -> #DIV/0! | I21: =I9 -> #DIV/0! | J21: =J9 -> #DIV/0! | K21: 16700 | L21: ='Monitoramento Acumulado Geral'!Q21 -> 0 | M21: =(SUM(L14:L21))/K20 -> 0.68964072 | N21: =IF(M21>=P9,"Desempenho Ótimo",(IF(M21>O9,"Desempenho Bom",(IF(M21>Q9,"Desempenho Médio",IF(M21<=Q9,"Desempenho Deficitário",0)))))) -> #DIV/0! | O21: =O9 -> #DIV/0! | P21: =P9 -> #DIV/0! | Q21: =Q9 -> #DIV/0! | R21: 80 | S21: 100 | T21: =S21/R21 -> 1.25 | U21: =IF(T21>=W9,"Desempenho Ótimo",(IF(T21>V9,"Desempenho Bom",(IF(T21>X9,"Desempenho Médio",IF(T21<=X9,"Desempenho Deficitário",0)))))) -> #DIV/0! | V21: =V9 -> #DIV/0! | W21: =W9 -> #DIV/0! | X21: =X9 -> #DIV/0! | Y21: =Y9 -> #DIV/0! | Z21: =Z9 -> #DIV/0!
A22: Atena Consultoria Jr. | B22: =_xlfn.IFS(C22="Janeiro",1,C22="Fevereiro",2,C22="Março",3,C22="Abril",4,C22="Maio",5,C22="Junho",6,C22="Julho",7,C22="Agosto",8,C22="Setembro",9,C22="Outubro",10,C22="Novembro",11,C22="Dezembro",12,TRUE,0) -> 9 | C22: Setembro | D22: 75 | E22: 100 | F22: =E22/D22 -> 1.3333333 | G22: =IF(F22>=I10,"Desempenho Ótimo",(IF(F22>H10,"Desempenho Bom",(IF(F22>J10,"Desempenho Médio",IF(F22<=J10,"Desempenho Deficitário",0)))))) -> #DIV/0! | H22: =H10 -> #DIV/0! | I22: =I10 -> #DIV/0! | J22: =J10 -> #DIV/0! | K22: 16700 | L22: ='Monitoramento Acumulado Geral'!Q22 -> 0 | M22: =(SUM(L14:L22))/K21 -> 0.68964072 | N22: =IF(M22>=P10,"Desempenho Ótimo",(IF(M22>O10,"Desempenho Bom",(IF(M22>Q10,"Desempenho Médio",IF(M22<=Q10,"Desempenho Deficitário",0)))))) -> #DIV/0! | O22: =O10 -> #DIV/0! | P22: =P10 -> #DIV/0! | Q22: =Q10 -> #DIV/0! | R22: 80 | S22: 100 | T22: =S22/R22 -> 1.25 | U22: =IF(T22>=W10,"Desempenho Ótimo",(IF(T22>V10,"Desempenho Bom",(IF(T22>X10,"Desempenho Médio",IF(T22<=X10,"Desempenho Deficitário",0)))))) -> #DIV/0! | V22: =V10 -> #DIV/0! | W22: =W10 -> #DIV/0! | X22: =X10 -> #DIV/0! | Y22: =Y10 -> #DIV/0! | Z22: =Z10 -> #DIV/0!
A23: Atena Consultoria Jr. | B23: =_xlfn.IFS(C23="Janeiro",1,C23="Fevereiro",2,C23="Março",3,C23="Abril",4,C23="Maio",5,C23="Junho",6,C23="Julho",7,C23="Agosto",8,C23="Setembro",9,C23="Outubro",10,C23="Novembro",11,C23="Dezembro",12,TRUE,0) -> 10 | C23: Outubro | D23: 75 | E23: 100 | F23: =E23/D23 -> 1.3333333 | G23: =IF(F23>=I11,"Desempenho Ótimo",(IF(F23>H11,"Desempenho Bom",(IF(F23>J11,"Desempenho Médio",IF(F23<=J11,"Desempenho Deficitário",0)))))) -> #DIV/0! | H23: =H11 -> #DIV/0! | I23: =I11 -> #DIV/0! | J23: =J11 -> #DIV/0! | K23: 16700 | L23: ='Monitoramento Acumulado Geral'!Q23 -> 0 | M23: =(SUM(L14:L23))/K22 -> 0.68964072 | N23: =IF(M23>=P11,"Desempenho Ótimo",(IF(M23>O11,"Desempenho Bom",(IF(M23>Q11,"Desempenho Médio",IF(M23<=Q11,"Desempenho Deficitário",0)))))) -> #DIV/0! | O23: =O11 -> #DIV/0! | P23: =P11 -> #DIV/0! | Q23: =Q11 -> #DIV/0! | R23: 80 | S23: 100 | T23: =S23/R23 -> 1.25 | U23: =IF(T23>=W11,"Desempenho Ótimo",(IF(T23>V11,"Desempenho Bom",(IF(T23>X11,"Desempenho Médio",IF(T23<=X11,"Desempenho Deficitário",0)))))) -> #DIV/0! | V23: =V11 -> #DIV/0! | W23: =W11 -> #DIV/0! | X23: =X11 -> #DIV/0! | Y23: =Y11 -> #DIV/0! | Z23: =Z11 -> #DIV/0!
A24: Atena Consultoria Jr. | B24: =_xlfn.IFS(C24="Janeiro",1,C24="Fevereiro",2,C24="Março",3,C24="Abril",4,C24="Maio",5,C24="Junho",6,C24="Julho",7,C24="Agosto",8,C24="Setembro",9,C24="Outubro",10,C24="Novembro",11,C24="Dezembro",12,TRUE,0) -> 11 | C24: Novembro | D24: 75 | E24: 0 | F24: =E24/D24 -> 0 | G24: =IF(F24>=I12,"Desempenho Ótimo",(IF(F24>H12,"Desempenho Bom",(IF(F24>J12,"Desempenho Médio",IF(F24<=J12,"Desempenho Deficitário",0)))))) -> #DIV/0! | H24: =H12 -> #DIV/0! | I24: =I12 -> #DIV/0! | J24: =J12 -> #DIV/0! | K24: 16700 | L24: ='Monitoramento Acumulado Geral'!Q24 -> 0 | M24: =(SUM(L14:L24))/K23 -> 0.68964072 | N24: =IF(M24>=P12,"Desempenho Ótimo",(IF(M24>O12,"Desempenho Bom",(IF(M24>Q12,"Desempenho Médio",IF(M24<=Q12,"Desempenho Deficitário",0)))))) -> #DIV/0! | O24: =O12 -> #DIV/0! | P24: =P12 -> #DIV/0! | Q24: =Q12 -> #DIV/0! | R24: 80 | S24: 0 | T24: =S24/R24 -> 0 | U24: =IF(T24>=W12,"Desempenho Ótimo",(IF(T24>V12,"Desempenho Bom",(IF(T24>X12,"Desempenho Médio",IF(T24<=X12,"Desempenho Deficitário",0)))))) -> #DIV/0! | V24: =V12 -> #DIV/0! | W24: =W12 -> #DIV/0! | X24: =X12 -> #DIV/0! | Y24: =Y12 -> #DIV/0! | Z24: =Z12 -> #DIV/0!
A25: Atena Consultoria Jr. | B25: =_xlfn.IFS(C25="Janeiro",1,C25="Fevereiro",2,C25="Março",3,C25="Abril",4,C25="Maio",5,C25="Junho",6,C25="Julho",7,C25="Agosto",8,C25="Setembro",9,C25="Outubro",10,C25="Novembro",11,C25="Dezembro",12,TRUE,0) -> 12 | C25: Dezembro | D25: 75 | E25: 0 | F25: =E25/D25 -> 0 | G25: =IF(F25>=I13,"Desempenho Ótimo",(IF(F25>H13,"Desempenho Bom",(IF(F25>J13,"Desempenho Médio",IF(F25<=J13,"Desempenho Deficitário",0)))))) -> #DIV/0! | H25: =H13 -> #DIV/0! | I25: =I13 -> #DIV/0! | J25: =J13 -> #DIV/0! | K25: 16700 | L25: ='Monitoramento Acumulado Geral'!Q25 -> 0 | M25: =(SUM(L14:L25))/K24 -> 0.68964072 | N25: =IF(M25>=P13,"Desempenho Ótimo",(IF(M25>O13,"Desempenho Bom",(IF(M25>Q13,"Desempenho Médio",IF(M25<=Q13,"Desempenho Deficitário",0)))))) -> #DIV/0! | O25: =O13 -> #DIV/0! | P25: =P13 -> #DIV/0! | Q25: =Q13 -> #DIV/0! | R25: 80 | S25: 0 | T25: =S25/R25 -> 0 | U25: =IF(T25>=W13,"Desempenho Ótimo",(IF(T25>V13,"Desempenho Bom",(IF(T25>X13,"Desempenho Médio",IF(T25<=X13,"Desempenho Deficitário",0)))))) -> #DIV/0! | V25: =V13 -> #DIV/0! | W25: =W13 -> #DIV/0! | X25: =X13 -> #DIV/0! | Y25: =Y13 -> #DIV/0! | Z25: =Z13 -> #DIV/0!
A26: Atlântica Consultoria Internacional | B26: =_xlfn.IFS(C26="Janeiro",1,C26="Fevereiro",2,C26="Março",3,C26="Abril",4,C26="Maio",5,C26="Junho",6,C26="Julho",7,C26="Agosto",8,C26="Setembro",9,C26="Outubro",10,C26="Novembro",11,C26="Dezembro",12,TRUE,0) -> 1 | C26: Janeiro | D26: 55 | E26: 14 | F26: =E26/D26 -> 0.25454545 | G26: =IF(F26>=I14,"Desempenho Ótimo",(IF(F26>H14,"Desempenho Bom",(IF(F26>J14,"Desempenho Médio",IF(F26<=J14,"Desempenho Deficitário",0)))))) -> #DIV/0! | H26: =H14 -> #DIV/0! | I26: =I14 -> #DIV/0! | J26: =J14 -> #DIV/0! | K26: 2000 | L26: ='Monitoramento Acumulado Geral'!Q26 -> 244 | M26: =L26/K26 -> 0.122 | N26: =IF(M26>=P14,"Desempenho Ótimo",(IF(M26>O14,"Desempenho Bom",(IF(M26>Q14,"Desempenho Médio",IF(M26<=Q14,"Desempenho Deficitário",0)))))) -> #DIV/0! | O26: =O14 -> #DIV/0! | P26: =P14 -> #DIV/0! | Q26: =Q14 -> #DIV/0! | R26: 35 | S26: 0 | T26: =S26/R26 -> 0 | U26: =IF(T26>=W14,"Desempenho Ótimo",(IF(T26>V14,"Desempenho Bom",(IF(T26>X14,"Desempenho Médio",IF(T26<=X14,"Desempenho Deficitário",0)))))) -> #DIV/0! | V26: =V14 -> #DIV/0! | W26: =W14 -> #DIV/0! | X26: =X14 -> #DIV/0! | Y26: =Y14 -> #DIV/0! | Z26: =Z14 -> #DIV/0!
A27: Atlântica Consultoria Internacional | B27: =_xlfn.IFS(C27="Janeiro",1,C27="Fevereiro",2,C27="Março",3,C27="Abril",4,C27="Maio",5,C27="Junho",6,C27="Julho",7,C27="Agosto",8,C27="Setembro",9,C27="Outubro",10,C27="Novembro",11,C27="Dezembro",12,TRUE,0) -> 2 | C27: Fevereiro | D27: 55 | E27: 14 | F27: =E27/D27 -> 0.25454545 | G27: =IF(F27>=I15,"Desempenho Ótimo",(IF(F27>H15,"Desempenho Bom",(IF(F27>J15,"Desempenho Médio",IF(F27<=J15,"Desempenho Deficitário",0)))))) -> #DIV/0! | H27: =H15 -> #DIV/0! | I27: =I15 -> #DIV/0! | J27: =J15 -> #DIV/0! | K27: 2000 | L27: ='Monitoramento Acumulado Geral'!Q27 -> 0 | M27: =(SUM(L26:L27))/K26 -> 0.122 | N27: =IF(M27>=P15,"Desempenho Ótimo",(IF(M27>O15,"Desempenho Bom",(IF(M27>Q15,"Desempenho Médio",IF(M27<=Q15,"Desempenho Deficitário",0)))))) -> #DIV/0! | O27: =O15 -> #DIV/0! | P27: =P15 -> #DIV/0! | Q27: =Q15 -> #DIV/0! | R27: 35 | S27: 0 | T27: =S27/R27 -> 0 | U27: =IF(T27>=W15,"Desempenho Ótimo",(IF(T27>V15,"Desempenho Bom",(IF(T27>X15,"Desempenho Médio",IF(T27<=X15,"Desempenho Deficitário",0)))))) -> #DIV/0! | V27: =V15 -> #DIV/0! | W27: =W15 -> #DIV/0! | X27: =X15 -> #DIV/0! | Y27: =Y15 -> #DIV/0! | Z27: =Z15 -> #DIV/0!
A28: Atlântica Consultoria Internacional | B28: =_xlfn.IFS(C28="Janeiro",1,C28="Fevereiro",2,C28="Março",3,C28="Abril",4,C28="Maio",5,C28="Junho",6,C28="Julho",7,C28="Agosto",8,C28="Setembro",9,C28="Outubro",10,C28="Novembro",11,C28="Dezembro",12,TRUE,0) -> 3 | C28: Março | D28: 55 | E28: 14 | F28: =E28/D28 -> 0.25454545 | G28: =IF(F28>=I16,"Desempenho Ótimo",(IF(F28>H16,"Desempenho Bom",(IF(F28>J16,"Desempenho Médio",IF(F28<=J16,"Desempenho Deficitário",0)))))) -> #DIV/0! | H28: =H16 -> #DIV/0! | I28: =I16 -> #DIV/0! | J28: =J16 -> #DIV/0! | K28: 2000 | L28: ='Monitoramento Acumulado Geral'!Q28 -> 0 | M28: =(SUM(L26:L28))/K27 -> 0.122 | N28: =IF(M28>=P16,"Desempenho Ótimo",(IF(M28>O16,"Desempenho Bom",(IF(M28>Q16,"Desempenho Médio",IF(M28<=Q16,"Desempenho Deficitário",0)))))) -> #DIV/0! | O28: =O16 -> #DIV/0! | P28: =P16 -> #DIV/0! | Q28: =Q16 -> #DIV/0! | R28: 35 | S28: 0 | T28: =S28/R28 -> 0 | U28: =IF(T28>=W16,"Desempenho Ótimo",(IF(T28>V16,"Desempenho Bom",(IF(T28>X16,"Desempenho Médio",IF(T28<=X16,"Desempenho Deficitário",0)))))) -> #DIV/0! | V28: =V16 -> #DIV/0! | W28: =W16 -> #DIV/0! | X28: =X16 -> #DIV/0! | Y28: =Y16 -> #DIV/0! | Z28: =Z16 -> #DIV/0!
A29: Atlântica Consultoria Internacional | B29: =_xlfn.IFS(C29="Janeiro",1,C29="Fevereiro",2,C29="Março",3,C29="Abril",4,C29="Maio",5,C29="Junho",6,C29="Julho",7,C29="Agosto",8,C29="Setembro",9,C29="Outubro",10,C29="Novembro",11,C29="Dezembro",12,TRUE,0) -> 4 | C29: Abril | D29: 55 | E29: 28 | F29: =E29/D29 -> 0.50909091 | G29: =IF(F29>=I17,"Desempenho Ótimo",(IF(F29>H17,"Desempenho Bom",(IF(F29>J17,"Desempenho Médio",IF(F29<=J17,"Desempenho Deficitário",0)))))) -> #DIV/0! | H29: =H17 -> #DIV/0! | I29: =I17 -> #DIV/0! | J29: =J17 -> #DIV/0! | K29: 2000 | L29: ='Monitoramento Acumulado Geral'!Q29 -> 122 | M29: =(SUM(L26:L29))/K28 -> 0.183 | N29: =IF(M29>=P17,"Desempenho Ótimo",(IF(M29>O17,"Desempenho Bom",(IF(M29>Q17,"Desempenho Médio",IF(M29<=Q17,"Desempenho Deficitário",0)))))) -> #DIV/0! | O29: =O17 -> #DIV/0! | P29: =P17 -> #DIV/0! | Q29: =Q17 -> #DIV/0! | R29: 35 | S29: 0 | T29: =S29/R29 -> 0 | U29: =IF(T29>=W17,"Desempenho Ótimo",(IF(T29>V17,"Desempenho Bom",(IF(T29>X17,"Desempenho Médio",IF(T29<=X17,"Desempenho Deficitário",0)))))) -> #DIV/0! | V29: =V17 -> #DIV/0! | W29: =W17 -> #DIV/0! | X29: =X17 -> #DIV/0! | Y29: =Y17 -> #DIV/0! | Z29: =Z17 -> #DIV/0!
A30: Atlântica Consultoria Internacional | B30: =_xlfn.IFS(C30="Janeiro",1,C30="Fevereiro",2,C30="Março",3,C30="Abril",4,C30="Maio",5,C30="Junho",6,C30="Julho",7,C30="Agosto",8,C30="Setembro",9,C30="Outubro",10,C30="Novembro",11,C30="Dezembro",12,TRUE,0) -> 5 | C30: Maio | D30: 55 | E30: 28 | F30: =E30/D30 -> 0.50909091 | G30: =IF(F30>=I18,"Desempenho Ótimo",(IF(F30>H18,"Desempenho Bom",(IF(F30>J18,"Desempenho Médio",IF(F30<=J18,"Desempenho Deficitário",0)))))) -> #DIV/0! | H30: =H18 -> #DIV/0! | I30: =I18 -> #DIV/0! | J30: =J18 -> #DIV/0! | K30: 2000 | L30: ='Monitoramento Acumulado Geral'!Q30 -> 0 | M30: =(SUM(L26:L30))/K29 -> 0.183 | N30: =IF(M30>=P18,"Desempenho Ótimo",(IF(M30>O18,"Desempenho Bom",(IF(M30>Q18,"Desempenho Médio",IF(M30<=Q18,"Desempenho Deficitário",0)))))) -> #DIV/0! | O30: =O18 -> #DIV/0! | P30: =P18 -> #DIV/0! | Q30: =Q18 -> #DIV/0! | R30: 35 | S30: 21 | T30: =S30/R30 -> 0.6 | U30: =IF(T30>=W18,"Desempenho Ótimo",(IF(T30>V18,"Desempenho Bom",(IF(T30>X18,"Desempenho Médio",IF(T30<=X18,"Desempenho Deficitário",0)))))) -> #DIV/0! | V30: =V18 -> #DIV/0! | W30: =W18 -> #DIV/0! | X30: =X18 -> #DIV/0! | Y30: =Y18 -> #DIV/0! | Z30: =Z18 -> #DIV/0!
A31: Atlântica Consultoria Internacional | B31: =_xlfn.IFS(C31="Janeiro",1,C31="Fevereiro",2,C31="Março",3,C31="Abril",4,C31="Maio",5,C31="Junho",6,C31="Julho",7,C31="Agosto",8,C31="Setembro",9,C31="Outubro",10,C31="Novembro",11,C31="Dezembro",12,TRUE,0) -> 6 | C31: Junho | D31: 55 | E31: 43 | F31: =E31/D31 -> 0.78181818 | G31: =IF(F31>=I19,"Desempenho Ótimo",(IF(F31>H19,"Desempenho Bom",(IF(F31>J19,"Desempenho Médio",IF(F31<=J19,"Desempenho Deficitário",0)))))) -> #DIV/0! | H31: =H19 -> #DIV/0! | I31: =I19 -> #DIV/0! | J31: =J19 -> #DIV/0! | K31: 2000 | L31: ='Monitoramento Acumulado Geral'!Q31 -> 1 | M31: =(SUM(L26:L31))/K30 -> 0.1835 | N31: =IF(M31>=P19,"Desempenho Ótimo",(IF(M31>O19,"Desempenho Bom",(IF(M31>Q19,"Desempenho Médio",IF(M31<=Q19,"Desempenho Deficitário",0)))))) -> #DIV/0! | O31: =O19 -> #DIV/0! | P31: =P19 -> #DIV/0! | Q31: =Q19 -> #DIV/0! | R31: 35 | S31: 21 | T31: =S31/R31 -> 0.6 | U31: =IF(T31>=W19,"Desempenho Ótimo",(IF(T31>V19,"Desempenho Bom",(IF(T31>X19,"Desempenho Médio",IF(T31<=X19,"Desempenho Deficitário",0)))))) -> #DIV/0! | V31: =V19 -> #DIV/0! | W31: =W19 -> #DIV/0! | X31: =X19 -> #DIV/0! | Y31: =Y19 -> #DIV/0! | Z31: =Z19 -> #DIV/0!
A32: Atlântica Consultoria Internacional | B32: =_xlfn.IFS(C32="Janeiro",1,C32="Fevereiro",2,C32="Março",3,C32="Abril",4,C32="Maio",5,C32="Junho",6,C32="Julho",7,C32="Agosto",8,C32="Setembro",9,C32="Outubro",10,C32="Novembro",11,C32="Dezembro",12,TRUE,0) -> 7 | C32: Julho | D32: 55 | E32: 43 | F32: =E32/D32 -> 0.78181818 | G32: =IF(F32>=I20,"Desempenho Ótimo",(IF(F32>H20,"Desempenho Bom",(IF(F32>J20,"Desempenho Médio",IF(F32<=J20,"Desempenho Deficitário",0)))))) -> #DIV/0! | H32: =H20 -> #DIV/0! | I32: =I20 -> #DIV/0! | J32: =J20 -> #DIV/0! | K32: 2000 | L32: ='Monitoramento Acumulado Geral'!Q32 -> 0 | M32: =(SUM(L26:L32))/K31 -> 0.1835 | N32: =IF(M32>=P20,"Desempenho Ótimo",(IF(M32>O20,"Desempenho Bom",(IF(M32>Q20,"Desempenho Médio",IF(M32<=Q20,"Desempenho Deficitário",0)))))) -> #DIV/0! | O32: =O20 -> #DIV/0! | P32: =P20 -> #DIV/0! | Q32: =Q20 -> #DIV/0! | R32: 35 | S32: 21 | T32: =S32/R32 -> 0.6 | U32: =IF(T32>=W20,"Desempenho Ótimo",(IF(T32>V20,"Desempenho Bom",(IF(T32>X20,"Desempenho Médio",IF(T32<=X20,"Desempenho Deficitário",0)))))) -> #DIV/0! | V32: =V20 -> #DIV/0! | W32: =W20 -> #DIV/0! | X32: =X20 -> #DIV/0! | Y32: =Y20 -> #DIV/0! | Z32: =Z20 -> #DIV/0!
A33: Atlântica Consultoria Internacional | B33: =_xlfn.IFS(C33="Janeiro",1,C33="Fevereiro",2,C33="Março",3,C33="Abril",4,C33="Maio",5,C33="Junho",6,C33="Julho",7,C33="Agosto",8,C33="Setembro",9,C33="Outubro",10,C33="Novembro",11,C33="Dezembro",12,TRUE,0) -> 8 | C33: Agosto | D33: 55 | E33: 43 | F33: =E33/D33 -> 0.78181818 | G33: =IF(F33>=I21,"Desempenho Ótimo",(IF(F33>H21,"Desempenho Bom",(IF(F33>J21,"Desempenho Médio",IF(F33<=J21,"Desempenho Deficitário",0)))))) -> #DIV/0! | H33: =H21 -> #DIV/0! | I33: =I21 -> #DIV/0! | J33: =J21 -> #DIV/0! | K33: 2000 | L33: ='Monitoramento Acumulado Geral'!Q33 -> 0 | M33: =(SUM(L26:L33))/K32 -> 0.1835 | N33: =IF(M33>=P21,"Desempenho Ótimo",(IF(M33>O21,"Desempenho Bom",(IF(M33>Q21,"Desempenho Médio",IF(M33<=Q21,"Desempenho Deficitário",0)))))) -> #DIV/0! | O33: =O21 -> #DIV/0! | P33: =P21 -> #DIV/0! | Q33: =Q21 -> #DIV/0! | R33: 35 | S33: 21 | T33: =S33/R33 -> 0.6 | U33: =IF(T33>=W21,"Desempenho Ótimo",(IF(T33>V21,"Desempenho Bom",(IF(T33>X21,"Desempenho Médio",IF(T33<=X21,"Desempenho Deficitário",0)))))) -> #DIV/0! | V33: =V21 -> #DIV/0! | W33: =W21 -> #DIV/0! | X33: =X21 -> #DIV/0! | Y33: =Y21 -> #DIV/0! | Z33: =Z21 -> #DIV/0!
A34: Atlântica Consultoria Internacional | B34: =_xlfn.IFS(C34="Janeiro",1,C34="Fevereiro",2,C34="Março",3,C34="Abril",4,C34="Maio",5,C34="Junho",6,C34="Julho",7,C34="Agosto",8,C34="Setembro",9,C34="Outubro",10,C34="Novembro",11,C34="Dezembro",12,TRUE,0) -> 9 | C34: Setembro | D34: 55 | E34: 56 | F34: =E34/D34 -> 1.0181818 | G34: =IF(F34>=I22,"Desempenho Ótimo",(IF(F34>H22,"Desempenho Bom",(IF(F34>J22,"Desempenho Médio",IF(F34<=J22,"Desempenho Deficitário",0)))))) -> #DIV/0! | H34: =H22 -> #DIV/0! | I34: =I22 -> #DIV/0! | J34: =J22 -> #DIV/0! | K34: 2000 | L34: ='Monitoramento Acumulado Geral'!Q34 -> 3900 | M34: =(SUM(L26:L34))/K33 -> 2.1335 | N34: =IF(M34>=P22,"Desempenho Ótimo",(IF(M34>O22,"Desempenho Bom",(IF(M34>Q22,"Desempenho Médio",IF(M34<=Q22,"Desempenho Deficitário",0)))))) -> #DIV/0! | O34: =O22 -> #DIV/0! | P34: =P22 -> #DIV/0! | Q34: =Q22 -> #DIV/0! | R34: 35 | S34: 21 | T34: =S34/R34 -> 0.6 | U34: =IF(T34>=W22,"Desempenho Ótimo",(IF(T34>V22,"Desempenho Bom",(IF(T34>X22,"Desempenho Médio",IF(T34<=X22,"Desempenho Deficitário",0)))))) -> #DIV/0! | V34: =V22 -> #DIV/0! | W34: =W22 -> #DIV/0! | X34: =X22 -> #DIV/0! | Y34: =Y22 -> #DIV/0! | Z34: =Z22 -> #DIV/0!
A35: Atlântica Consultoria Internacional | B35: =_xlfn.IFS(C35="Janeiro",1,C35="Fevereiro",2,C35="Março",3,C35="Abril",4,C35="Maio",5,C35="Junho",6,C35="Julho",7,C35="Agosto",8,C35="Setembro",9,C35="Outubro",10,C35="Novembro",11,C35="Dezembro",12,TRUE,0) -> 10 | C35: Outubro | D35: 55 | E35: 56 | F35: =E35/D35 -> 1.0181818 | G35: =IF(F35>=I23,"Desempenho Ótimo",(IF(F35>H23,"Desempenho Bom",(IF(F35>J23,"Desempenho Médio",IF(F35<=J23,"Desempenho Deficitário",0)))))) -> #DIV/0! | H35: =H23 -> #DIV/0! | I35: =I23 -> #DIV/0! | J35: =J23 -> #DIV/0! | K35: 2000 | L35: ='Monitoramento Acumulado Geral'!Q35 -> 0 | M35: =(SUM(L26:L35))/K34 -> 2.1335 | N35: =IF(M35>=P23,"Desempenho Ótimo",(IF(M35>O23,"Desempenho Bom",(IF(M35>Q23,"Desempenho Médio",IF(M35<=Q23,"Desempenho Deficitário",0)))))) -> #DIV/0! | O35: =O23 -> #DIV/0! | P35: =P23 -> #DIV/0! | Q35: =Q23 -> #DIV/0! | R35: 35 | S35: 21 | T35: =S35/R35 -> 0.6 | U35: =IF(T35>=W23,"Desempenho Ótimo",(IF(T35>V23,"Desempenho Bom",(IF(T35>X23,"Desempenho Médio",IF(T35<=X23,"Desempenho Deficitário",0)))))) -> #DIV/0! | V35: =V23 -> #DIV/0! | W35: =W23 -> #DIV/0! | X35: =X23 -> #DIV/0! | Y35: =Y23 -> #DIV/0! | Z35: =Z23 -> #DIV/0!
A36: Atlântica Consultoria Internacional | B36: =_xlfn.IFS(C36="Janeiro",1,C36="Fevereiro",2,C36="Março",3,C36="Abril",4,C36="Maio",5,C36="Junho",6,C36="Julho",7,C36="Agosto",8,C36="Setembro",9,C36="Outubro",10,C36="Novembro",11,C36="Dezembro",12,TRUE,0) -> 11 | C36: Novembro | D36: 55 | E36: 0 | F36: =E36/D36 -> 0 | G36: =IF(F36>=I24,"Desempenho Ótimo",(IF(F36>H24,"Desempenho Bom",(IF(F36>J24,"Desempenho Médio",IF(F36<=J24,"Desempenho Deficitário",0)))))) -> #DIV/0! | H36: =H24 -> #DIV/0! | I36: =I24 -> #DIV/0! | J36: =J24 -> #DIV/0! | K36: 2000 | L36: ='Monitoramento Acumulado Geral'!Q36 -> 0 | M36: =(SUM(L26:L36))/K35 -> 2.1335 | N36: =IF(M36>=P24,"Desempenho Ótimo",(IF(M36>O24,"Desempenho Bom",(IF(M36>Q24,"Desempenho Médio",IF(M36<=Q24,"Desempenho Deficitário",0)))))) -> #DIV/0! | O36: =O24 -> #DIV/0! | P36: =P24 -> #DIV/0! | Q36: =Q24 -> #DIV/0! | R36: 35 | S36: 0 | T36: =S36/R36 -> 0 | U36: =IF(T36>=W24,"Desempenho Ótimo",(IF(T36>V24,"Desempenho Bom",(IF(T36>X24,"Desempenho Médio",IF(T36<=X24,"Desempenho Deficitário",0)))))) -> #DIV/0! | V36: =V24 -> #DIV/0! | W36: =W24 -> #DIV/0! | X36: =X24 -> #DIV/0! | Y36: =Y24 -> #DIV/0! | Z36: =Z24 -> #DIV/0!
A37: Atlântica Consultoria Internacional | B37: =_xlfn.IFS(C37="Janeiro",1,C37="Fevereiro",2,C37="Março",3,C37="Abril",4,C37="Maio",5,C37="Junho",6,C37="Julho",7,C37="Agosto",8,C37="Setembro",9,C37="Outubro",10,C37="Novembro",11,C37="Dezembro",12,TRUE,0) -> 12 | C37: Dezembro | D37: 55 | E37: 0 | F37: =E37/D37 -> 0 | G37: =IF(F37>=I25,"Desempenho Ótimo",(IF(F37>H25,"Desempenho Bom",(IF(F37>J25,"Desempenho Médio",IF(F37<=J25,"Desempenho Deficitário",0)))))) -> #DIV/0! | H37: =H25 -> #DIV/0! | I37: =I25 -> #DIV/0! | J37: =J25 -> #DIV/0! | K37: 2000 | L37: ='Monitoramento Acumulado Geral'!Q37 -> 0 | M37: =(SUM(L27:L37))/K36 -> 2.0115 | N37: =IF(M37>=P25,"Desempenho Ótimo",(IF(M37>O25,"Desempenho Bom",(IF(M37>Q25,"Desempenho Médio",IF(M37<=Q25,"Desempenho Deficitário",0)))))) -> #DIV/0! | O37: =O25 -> #DIV/0! | P37: =P25 -> #DIV/0! | Q37: =Q25 -> #DIV/0! | R37: 35 | S37: 0 | T37: =S37/R37 -> 0 | U37: =IF(T37>=W25,"Desempenho Ótimo",(IF(T37>V25,"Desempenho Bom",(IF(T37>X25,"Desempenho Médio",IF(T37<=X25,"Desempenho Deficitário",0)))))) -> #DIV/0! | V37: =V25 -> #DIV/0! | W37: =W25 -> #DIV/0! | X37: =X25 -> #DIV/0! | Y37: =Y25 -> #DIV/0! | Z37: =Z25 -> #DIV/0!
A38: Automatiza Júnior | B38: =_xlfn.IFS(C38="Janeiro",1,C38="Fevereiro",2,C38="Março",3,C38="Abril",4,C38="Maio",5,C38="Junho",6,C38="Julho",7,C38="Agosto",8,C38="Setembro",9,C38="Outubro",10,C38="Novembro",11,C38="Dezembro",12,TRUE,0) -> 1 | C38: Janeiro | D38: 75 | E38: 0 | F38: =E38/D38 -> 0 | G38: =IF(F38>=I26,"Desempenho Ótimo",(IF(F38>H26,"Desempenho Bom",(IF(F38>J26,"Desempenho Médio",IF(F38<=J26,"Desempenho Deficitário",0)))))) -> #DIV/0! | H38: =H26 -> #DIV/0! | I38: =I26 -> #DIV/0! | J38: =J26 -> #DIV/0! | K38: 19817.25 | L38: ='Monitoramento Acumulado Geral'!Q38 -> 0 | M38: =L38/K38 -> 0 | N38: =IF(M38>=P26,"Desempenho Ótimo",(IF(M38>O26,"Desempenho Bom",(IF(M38>Q26,"Desempenho Médio",IF(M38<=Q26,"Desempenho Deficitário",0)))))) -> #DIV/0! | O38: =O26 -> #DIV/0! | P38: =P26 -> #DIV/0! | Q38: =Q26 -> #DIV/0! | R38: 80 | S38: 11 | T38: =S38/R38 -> 0.1375 | U38: =IF(T38>=W26,"Desempenho Ótimo",(IF(T38>V26,"Desempenho Bom",(IF(T38>X26,"Desempenho Médio",IF(T38<=X26,"Desempenho Deficitário",0)))))) -> #DIV/0! | V38: =V26 -> #DIV/0! | W38: =W26 -> #DIV/0! | X38: =X26 -> #DIV/0! | Y38: =Y26 -> #DIV/0! | Z38: =Z26 -> #DIV/0!
A39: Automatiza Júnior | B39: =_xlfn.IFS(C39="Janeiro",1,C39="Fevereiro",2,C39="Março",3,C39="Abril",4,C39="Maio",5,C39="Junho",6,C39="Julho",7,C39="Agosto",8,C39="Setembro",9,C39="Outubro",10,C39="Novembro",11,C39="Dezembro",12,TRUE,0) -> 2 | C39: Fevereiro | D39: 75 | E39: 11 | F39: =E39/D39 -> 0.14666667 | G39: =IF(F39>=I27,"Desempenho Ótimo",(IF(F39>H27,"Desempenho Bom",(IF(F39>J27,"Desempenho Médio",IF(F39<=J27,"Desempenho Deficitário",0)))))) -> #DIV/0! | H39: =H27 -> #DIV/0! | I39: =I27 -> #DIV/0! | J39: =J27 -> #DIV/0! | K39: 19817.25 | L39: ='Monitoramento Acumulado Geral'!Q39 -> 900 | M39: =(SUM(L38:L39))/K38 -> 0.045414979 | N39: =IF(M39>=P27,"Desempenho Ótimo",(IF(M39>O27,"Desempenho Bom",(IF(M39>Q27,"Desempenho Médio",IF(M39<=Q27,"Desempenho Deficitário",0)))))) -> #DIV/0! | O39: =O27 -> #DIV/0! | P39: =P27 -> #DIV/0! | Q39: =Q27 -> #DIV/0! | R39: 80 | S39: 11 | T39: =S39/R39 -> 0.1375 | U39: =IF(T39>=W27,"Desempenho Ótimo",(IF(T39>V27,"Desempenho Bom",(IF(T39>X27,"Desempenho Médio",IF(T39<=X27,"Desempenho Deficitário",0)))))) -> #DIV/0! | V39: =V27 -> #DIV/0! | W39: =W27 -> #DIV/0! | X39: =X27 -> #DIV/0! | Y39: =Y27 -> #DIV/0! | Z39: =Z27 -> #DIV/0!
A40: Automatiza Júnior | B40: =_xlfn.IFS(C40="Janeiro",1,C40="Fevereiro",2,C40="Março",3,C40="Abril",4,C40="Maio",5,C40="Junho",6,C40="Julho",7,C40="Agosto",8,C40="Setembro",9,C40="Outubro",10,C40="Novembro",11,C40="Dezembro",12,TRUE,0) -> 3 | C40: Março | D40: 75 | E40: 26 | F40: =E40/D40 -> 0.34666667 | G40: =IF(F40>=I28,"Desempenho Ótimo",(IF(F40>H28,"Desempenho Bom",(IF(F40>J28,"Desempenho Médio",IF(F40<=J28,"Desempenho Deficitário",0)))))) -> #DIV/0! | H40: =H28 -> #DIV/0! | I40: =I28 -> #DIV/0! | J40: =J28 -> #DIV/0! | K40: 19817.25 | L40: ='Monitoramento Acumulado Geral'!Q40 -> 3464.08 | M40: =(SUM(L38:L40))/K39 -> 0.22021623 | N40: =IF(M40>=P28,"Desempenho Ótimo",(IF(M40>O28,"Desempenho Bom",(IF(M40>Q28,"Desempenho Médio",IF(M40<=Q28,"Desempenho Deficitário",0)))))) -> #DIV/0! | O40: =O28 -> #DIV/0! | P40: =P28 -> #DIV/0! | Q40: =Q28 -> #DIV/0! | R40: 80 | S40: 11 | T40: =S40/R40 -> 0.1375 | U40: =IF(T40>=W28,"Desempenho Ótimo",(IF(T40>V28,"Desempenho Bom",(IF(T40>X28,"Desempenho Médio",IF(T40<=X28,"Desempenho Deficitário",0)))))) -> #DIV/0! | V40: =V28 -> #DIV/0! | W40: =W28 -> #DIV/0! | X40: =X28 -> #DIV/0! | Y40: =Y28 -> #DIV/0! | Z40: =Z28 -> #DIV/0!
A41: Automatiza Júnior | B41: =_xlfn.IFS(C41="Janeiro",1,C41="Fevereiro",2,C41="Março",3,C41="Abril",4,C41="Maio",5,C41="Junho",6,C41="Julho",7,C41="Agosto",8,C41="Setembro",9,C41="Outubro",10,C41="Novembro",11,C41="Dezembro",12,TRUE,0) -> 4 | C41: Abril | D41: 75 | E41: 37 | F41: =E41/D41 -> 0.49333333 | G41: =IF(F41>=I29,"Desempenho Ótimo",(IF(F41>H29,"Desempenho Bom",(IF(F41>J29,"Desempenho Médio",IF(F41<=J29,"Desempenho Deficitário",0)))))) -> #DIV/0! | H41: =H29 -> #DIV/0! | I41: =I29 -> #DIV/0! | J41: =J29 -> #DIV/0! | K41: 19817.25 | L41: ='Monitoramento Acumulado Geral'!Q41 -> 1454 | M41: =(SUM(L38:L41))/K40 -> 0.29358665 | N41: =IF(M41>=P29,"Desempenho Ótimo",(IF(M41>O29,"Desempenho Bom",(IF(M41>Q29,"Desempenho Médio",IF(M41<=Q29,"Desempenho Deficitário",0)))))) -> #DIV/0! | O41: =O29 -> #DIV/0! | P41: =P29 -> #DIV/0! | Q41: =Q29 -> #DIV/0! | R41: 80 | S41: 11 | T41: =S41/R41 -> 0.1375 | U41: =IF(T41>=W29,"Desempenho Ótimo",(IF(T41>V29,"Desempenho Bom",(IF(T41>X29,"Desempenho Médio",IF(T41<=X29,"Desempenho Deficitário",0)))))) -> #DIV/0! | V41: =V29 -> #DIV/0! | W41: =W29 -> #DIV/0! | X41: =X29 -> #DIV/0! | Y41: =Y29 -> #DIV/0! | Z41: =Z29 -> #DIV/0!
A42: Automatiza Júnior | B42: =_xlfn.IFS(C42="Janeiro",1,C42="Fevereiro",2,C42="Março",3,C42="Abril",4,C42="Maio",5,C42="Junho",6,C42="Julho",7,C42="Agosto",8,C42="Setembro",9,C42="Outubro",10,C42="Novembro",11,C42="Dezembro",12,TRUE,0) -> 5 | C42: Maio | D42: 75 | E42: 37 | F42: =E42/D42 -> 0.49333333 | G42: =IF(F42>=I30,"Desempenho Ótimo",(IF(F42>H30,"Desempenho Bom",(IF(F42>J30,"Desempenho Médio",IF(F42<=J30,"Desempenho Deficitário",0)))))) -> #DIV/0! | H42: =H30 -> #DIV/0! | I42: =I30 -> #DIV/0! | J42: =J30 -> #DIV/0! | K42: 19817.25 | L42: ='Monitoramento Acumulado Geral'!Q42 -> 0 | M42: =(SUM(L38:L42))/K41 -> 0.29358665 | N42: =IF(M42>=P30,"Desempenho Ótimo",(IF(M42>O30,"Desempenho Bom",(IF(M42>Q30,"Desempenho Médio",IF(M42<=Q30,"Desempenho Deficitário",0)))))) -> #DIV/0! | O42: =O30 -> #DIV/0! | P42: =P30 -> #DIV/0! | Q42: =Q30 -> #DIV/0! | R42: 80 | S42: 53 | T42: =S42/R42 -> 0.6625 | U42: =IF(T42>=W30,"Desempenho Ótimo",(IF(T42>V30,"Desempenho Bom",(IF(T42>X30,"Desempenho Médio",IF(T42<=X30,"Desempenho Deficitário",0)))))) -> #DIV/0! | V42: =V30 -> #DIV/0! | W42: =W30 -> #DIV/0! | X42: =X30 -> #DIV/0! | Y42: =Y30 -> #DIV/0! | Z42: =Z30 -> #DIV/0!
A43: Automatiza Júnior | B43: =_xlfn.IFS(C43="Janeiro",1,C43="Fevereiro",2,C43="Março",3,C43="Abril",4,C43="Maio",5,C43="Junho",6,C43="Julho",7,C43="Agosto",8,C43="Setembro",9,C43="Outubro",10,C43="Novembro",11,C43="Dezembro",12,TRUE,0) -> 6 | C43: Junho | D43: 75 | E43: 37 | F43: =E43/D43 -> 0.49333333 | G43: =IF(F43>=I31,"Desempenho Ótimo",(IF(F43>H31,"Desempenho Bom",(IF(F43>J31,"Desempenho Médio",IF(F43<=J31,"Desempenho Deficitário",0)))))) -> #DIV/0! | H43: =H31 -> #DIV/0! | I43: =I31 -> #DIV/0! | J43: =J31 -> #DIV/0! | K43: 19817.25 | L43: ='Monitoramento Acumulado Geral'!Q43 -> 300 | M43: =(SUM(L38:L43))/K42 -> 0.30872497 | N43: =IF(M43>=P31,"Desempenho Ótimo",(IF(M43>O31,"Desempenho Bom",(IF(M43>Q31,"Desempenho Médio",IF(M43<=Q31,"Desempenho Deficitário",0)))))) -> #DIV/0! | O43: =O31 -> #DIV/0! | P43: =P31 -> #DIV/0! | Q43: =Q31 -> #DIV/0! | R43: 80 | S43: 53 | T43: =S43/R43 -> 0.6625 | U43: =IF(T43>=W31,"Desempenho Ótimo",(IF(T43>V31,"Desempenho Bom",(IF(T43>X31,"Desempenho Médio",IF(T43<=X31,"Desempenho Deficitário",0)))))) -> #DIV/0! | V43: =V31 -> #DIV/0! | W43: =W31 -> #DIV/0! | X43: =X31 -> #DIV/0! | Y43: =Y31 -> #DIV/0! | Z43: =Z31 -> #DIV/0!
A44: Automatiza Júnior | B44: =_xlfn.IFS(C44="Janeiro",1,C44="Fevereiro",2,C44="Março",3,C44="Abril",4,C44="Maio",5,C44="Junho",6,C44="Julho",7,C44="Agosto",8,C44="Setembro",9,C44="Outubro",10,C44="Novembro",11,C44="Dezembro",12,TRUE,0) -> 7 | C44: Julho | D44: 75 | E44: 47 | F44: =E44/D44 -> 0.62666667 | G44: =IF(F44>=I32,"Desempenho Ótimo",(IF(F44>H32,"Desempenho Bom",(IF(F44>J32,"Desempenho Médio",IF(F44<=J32,"Desempenho Deficitário",0)))))) -> #DIV/0! | H44: =H32 -> #DIV/0! | I44: =I32 -> #DIV/0! | J44: =J32 -> #DIV/0! | K44: 19817.25 | L44: ='Monitoramento Acumulado Geral'!Q44 -> 14140 | M44: =(SUM(L38:L44))/K43 -> 1.0222448 | N44: =IF(M44>=P32,"Desempenho Ótimo",(IF(M44>O32,"Desempenho Bom",(IF(M44>Q32,"Desempenho Médio",IF(M44<=Q32,"Desempenho Deficitário",0)))))) -> #DIV/0! | O44: =O32 -> #DIV/0! | P44: =P32 -> #DIV/0! | Q44: =Q32 -> #DIV/0! | R44: 80 | S44: 53 | T44: =S44/R44 -> 0.6625 | U44: =IF(T44>=W32,"Desempenho Ótimo",(IF(T44>V32,"Desempenho Bom",(IF(T44>X32,"Desempenho Médio",IF(T44<=X32,"Desempenho Deficitário",0)))))) -> #DIV/0! | V44: =V32 -> #DIV/0! | W44: =W32 -> #DIV/0! | X44: =X32 -> #DIV/0! | Y44: =Y32 -> #DIV/0! | Z44: =Z32 -> #DIV/0!
A45: Automatiza Júnior | B45: =_xlfn.IFS(C45="Janeiro",1,C45="Fevereiro",2,C45="Março",3,C45="Abril",4,C45="Maio",5,C45="Junho",6,C45="Julho",7,C45="Agosto",8,C45="Setembro",9,C45="Outubro",10,C45="Novembro",11,C45="Dezembro",12,TRUE,0) -> 8 | C45: Agosto | D45: 75 | E45: 47 | F45: =E45/D45 -> 0.62666667 | G45: =IF(F45>=I33,"Desempenho Ótimo",(IF(F45>H33,"Desempenho Bom",(IF(F45>J33,"Desempenho Médio",IF(F45<=J33,"Desempenho Deficitário",0)))))) -> #DIV/0! | H45: =H33 -> #DIV/0! | I45: =I33 -> #DIV/0! | J45: =J33 -> #DIV/0! | K45: 19817.25 | L45: ='Monitoramento Acumulado Geral'!Q45 -> 0 | M45: =(SUM(L38:L45))/K44 -> 1.0222448 | N45: =IF(M45>=P33,"Desempenho Ótimo",(IF(M45>O33,"Desempenho Bom",(IF(M45>Q33,"Desempenho Médio",IF(M45<=Q33,"Desempenho Deficitário",0)))))) -> #DIV/0! | O45: =O33 -> #DIV/0! | P45: =P33 -> #DIV/0! | Q45: =Q33 -> #DIV/0! | R45: 80 | S45: 53 | T45: =S45/R45 -> 0.6625 | U45: =IF(T45>=W33,"Desempenho Ótimo",(IF(T45>V33,"Desempenho Bom",(IF(T45>X33,"Desempenho Médio",IF(T45<=X33,"Desempenho Deficitário",0)))))) -> #DIV/0! | V45: =V33 -> #DIV/0! | W45: =W33 -> #DIV/0! | X45: =X33 -> #DIV/0! | Y45: =Y33 -> #DIV/0! | Z45: =Z33 -> #DIV/0!
A46: Automatiza Júnior | B46: =_xlfn.IFS(C46="Janeiro",1,C46="Fevereiro",2,C46="Março",3,C46="Abril",4,C46="Maio",5,C46="Junho",6,C46="Julho",7,C46="Agosto",8,C46="Setembro",9,C46="Outubro",10,C46="Novembro",11,C46="Dezembro",12,TRUE,0) -> 9 | C46: Setembro | D46: 75 | E46: 47 | F46: =E46/D46 -> 0.62666667 | G46: =IF(F46>=I34,"Desempenho Ótimo",(IF(F46>H34,"Desempenho Bom",(IF(F46>J34,"Desempenho Médio",IF(F46<=J34,"Desempenho Deficitário",0)))))) -> #DIV/0! | H46: =H34 -> #DIV/0! | I46: =I34 -> #DIV/0! | J46: =J34 -> #DIV/0! | K46: 19817.25 | L46: ='Monitoramento Acumulado Geral'!Q46 -> 500 | M46: =(SUM(L38:L46))/K45 -> 1.0474753 | N46: =IF(M46>=P34,"Desempenho Ótimo",(IF(M46>O34,"Desempenho Bom",(IF(M46>Q34,"Desempenho Médio",IF(M46<=Q34,"Desempenho Deficitário",0)))))) -> #DIV/0! | O46: =O34 -> #DIV/0! | P46: =P34 -> #DIV/0! | Q46: =Q34 -> #DIV/0! | R46: 80 | S46: 53 | T46: =S46/R46 -> 0.6625 | U46: =IF(T46>=W34,"Desempenho Ótimo",(IF(T46>V34,"Desempenho Bom",(IF(T46>X34,"Desempenho Médio",IF(T46<=X34,"Desempenho Deficitário",0)))))) -> #DIV/0! | V46: =V34 -> #DIV/0! | W46: =W34 -> #DIV/0! | X46: =X34 -> #DIV/0! | Y46: =Y34 -> #DIV/0! | Z46: =Z34 -> #DIV/0!
A47: Automatiza Júnior | B47: =_xlfn.IFS(C47="Janeiro",1,C47="Fevereiro",2,C47="Março",3,C47="Abril",4,C47="Maio",5,C47="Junho",6,C47="Julho",7,C47="Agosto",8,C47="Setembro",9,C47="Outubro",10,C47="Novembro",11,C47="Dezembro",12,TRUE,0) -> 10 | C47: Outubro | D47: 75 | E47: 47 | F47: =E47/D47 -> 0.62666667 | G47: =IF(F47>=I35,"Desempenho Ótimo",(IF(F47>H35,"Desempenho Bom",(IF(F47>J35,"Desempenho Médio",IF(F47<=J35,"Desempenho Deficitário",0)))))) -> #DIV/0! | H47: =H35 -> #DIV/0! | I47: =I35 -> #DIV/0! | J47: =J35 -> #DIV/0! | K47: 19817.25 | L47: ='Monitoramento Acumulado Geral'!Q47 -> 0 | M47: =(SUM(L38:L47))/K46 -> 1.0474753 | N47: =IF(M47>=P35,"Desempenho Ótimo",(IF(M47>O35,"Desempenho Bom",(IF(M47>Q35,"Desempenho Médio",IF(M47<=Q35,"Desempenho Deficitário",0)))))) -> #DIV/0! | O47: =O35 -> #DIV/0! | P47: =P35 -> #DIV/0! | Q47: =Q35 -> #DIV/0! | R47: 80 | S47: 53 | T47: =S47/R47 -> 0.6625 | U47: =IF(T47>=W35,"Desempenho Ótimo",(IF(T47>V35,"Desempenho Bom",(IF(T47>X35,"Desempenho Médio",IF(T47<=X35,"Desempenho Deficitário",0)))))) -> #DIV/0! | V47: =V35 -> #DIV/0! | W47: =W35 -> #DIV/0! | X47: =X35 -> #DIV/0! | Y47: =Y35 -> #DIV/0! | Z47: =Z35 -> #DIV/0!
A48: Automatiza Júnior | B48: =_xlfn.IFS(C48="Janeiro",1,C48="Fevereiro",2,C48="Março",3,C48="Abril",4,C48="Maio",5,C48="Junho",6,C48="Julho",7,C48="Agosto",8,C48="Setembro",9,C48="Outubro",10,C48="Novembro",11,C48="Dezembro",12,TRUE,0) -> 11 | C48: Novembro | D48: 75 | E48: 0 | F48: =E48/D48 -> 0 | G48: =IF(F48>=I36,"Desempenho Ótimo",(IF(F48>H36,"Desempenho Bom",(IF(F48>J36,"Desempenho Médio",IF(F48<=J36,"Desempenho Deficitário",0)))))) -> #DIV/0! | H48: =H36 -> #DIV/0! | I48: =I36 -> #DIV/0! | J48: =J36 -> #DIV/0! | K48: 19817.25 | L48: ='Monitoramento Acumulado Geral'!Q48 -> 0 | M48: =(SUM(L38:L48))/K47 -> 1.0474753 | N48: =IF(M48>=P36,"Desempenho Ótimo",(IF(M48>O36,"Desempenho Bom",(IF(M48>Q36,"Desempenho Médio",IF(M48<=Q36,"Desempenho Deficitário",0)))))) -> #DIV/0! | O48: =O36 -> #DIV/0! | P48: =P36 -> #DIV/0! | Q48: =Q36 -> #DIV/0! | R48: 80 | S48: 0 | T48: =S48/R48 -> 0 | U48: =IF(T48>=W36,"Desempenho Ótimo",(IF(T48>V36,"Desempenho Bom",(IF(T48>X36,"Desempenho Médio",IF(T48<=X36,"Desempenho Deficitário",0)))))) -> #DIV/0! | V48: =V36 -> #DIV/0! | W48: =W36 -> #DIV/0! | X48: =X36 -> #DIV/0! | Y48: =Y36 -> #DIV/0! | Z48: =Z36 -> #DIV/0!
A49: Automatiza Júnior | B49: =_xlfn.IFS(C49="Janeiro",1,C49="Fevereiro",2,C49="Março",3,C49="Abril",4,C49="Maio",5,C49="Junho",6,C49="Julho",7,C49="Agosto",8,C49="Setembro",9,C49="Outubro",10,C49="Novembro",11,C49="Dezembro",12,TRUE,0) -> 12 | C49: Dezembro | D49: 75 | E49: 0 | F49: =E49/D49 -> 0 | G49: =IF(F49>=I37,"Desempenho Ótimo",(IF(F49>H37,"Desempenho Bom",(IF(F49>J37,"Desempenho Médio",IF(F49<=J37,"Desempenho Deficitário",0)))))) -> #DIV/0! | H49: =H37 -> #DIV/0! | I49: =I37 -> #DIV/0! | J49: =J37 -> #DIV/0! | K49: 19817.25 | L49: ='Monitoramento Acumulado Geral'!Q49 -> 0 | M49: =(SUM(L38:L49))/K48 -> 1.0474753 | N49: =IF(M49>=P37,"Desempenho Ótimo",(IF(M49>O37,"Desempenho Bom",(IF(M49>Q37,"Desempenho Médio",IF(M49<=Q37,"Desempenho Deficitário",0)))))) -> #DIV/0! | O49: =O37 -> #DIV/0! | P49: =P37 -> #DIV/0! | Q49: =Q37 -> #DIV/0! | R49: 80 | S49: 0 | T49: =S49/R49 -> 0 | U49: =IF(T49>=W37,"Desempenho Ótimo",(IF(T49>V37,"Desempenho Bom",(IF(T49>X37,"Desempenho Médio",IF(T49<=X37,"Desempenho Deficitário",0)))))) -> #DIV/0! | V49: =V37 -> #DIV/0! | W49: =W37 -> #DIV/0! | X49: =X37 -> #DIV/0! | Y49: =Y37 -> #DIV/0! | Z49: =Z37 -> #DIV/0!
A50: Base Júnior | B50: =_xlfn.IFS(C50="Janeiro",1,C50="Fevereiro",2,C50="Março",3,C50="Abril",4,C50="Maio",5,C50="Junho",6,C50="Julho",7,C50="Agosto",8,C50="Setembro",9,C50="Outubro",10,C50="Novembro",11,C50="Dezembro",12,TRUE,0) -> 1 | C50: Janeiro | D50: 75 | E50: 3 | F50: =E50/D50 -> 0.04 | G50: =IF(F50>=I38,"Desempenho Ótimo",(IF(F50>H38,"Desempenho Bom",(IF(F50>J38,"Desempenho Médio",IF(F50<=J38,"Desempenho Deficitário",0)))))) -> #DIV/0! | H50: =H38 -> #DIV/0! | I50: =I38 -> #DIV/0! | J50: =J38 -> #DIV/0! | K50: 50000 | L50: ='Monitoramento Acumulado Geral'!Q50 -> 1305 | M50: =L50/K50 -> 0.0261 | N50: =IF(M50>=P38,"Desempenho Ótimo",(IF(M50>O38,"Desempenho Bom",(IF(M50>Q38,"Desempenho Médio",IF(M50<=Q38,"Desempenho Deficitário",0)))))) -> #DIV/0! | O50: =O38 -> #DIV/0! | P50: =P38 -> #DIV/0! | Q50: =Q38 -> #DIV/0! | R50: 80 | S50: 17 | T50: =S50/R50 -> 0.2125 | U50: =IF(T50>=W50,"Desempenho Ótimo",(IF(T50>V50,"Desempenho Bom",(IF(T50>X50,"Desempenho Médio",IF(T50<=X50,"Desempenho Deficitário",0)))))) -> #DIV/0! | V50: =V38 -> #DIV/0! | W50: =W38 -> #DIV/0! | X50: =X38 -> #DIV/0! | Y50: =Y38 -> #DIV/0! | Z50: =Z38 -> #DIV/0!
A51: Base Júnior | B51: =_xlfn.IFS(C51="Janeiro",1,C51="Fevereiro",2,C51="Março",3,C51="Abril",4,C51="Maio",5,C51="Junho",6,C51="Julho",7,C51="Agosto",8,C51="Setembro",9,C51="Outubro",10,C51="Novembro",11,C51="Dezembro",12,TRUE,0) -> 2 | C51: Fevereiro | D51: 75 | E51: 14 | F51: =E51/D51 -> 0.18666667 | G51: =IF(F51>=I39,"Desempenho Ótimo",(IF(F51>H39,"Desempenho Bom",(IF(F51>J39,"Desempenho Médio",IF(F51<=J39,"Desempenho Deficitário",0)))))) -> #DIV/0! | H51: =H39 -> #DIV/0! | I51: =I39 -> #DIV/0! | J51: =J39 -> #DIV/0! | K51: 50000 | L51: ='Monitoramento Acumulado Geral'!Q51 -> 6368.8 | M51: =(SUM(L50:L51))/K50 -> 0.153476 | N51: =IF(M51>=P39,"Desempenho Ótimo",(IF(M51>O39,"Desempenho Bom",(IF(M51>Q39,"Desempenho Médio",IF(M51<=Q39,"Desempenho Deficitário",0)))))) -> #DIV/0! | O51: =O39 -> #DIV/0! | P51: =P39 -> #DIV/0! | Q51: =Q39 -> #DIV/0! | R51: 80 | S51: 17 | T51: =S51/R51 -> 0.2125 | U51: =IF(T51>=W51,"Desempenho Ótimo",(IF(T51>V51,"Desempenho Bom",(IF(T51>X51,"Desempenho Médio",IF(T51<=X51,"Desempenho Deficitário",0)))))) -> #DIV/0! | V51: =V39 -> #DIV/0! | W51: =W39 -> #DIV/0! | X51: =X39 -> #DIV/0! | Y51: =Y39 -> #DIV/0! | Z51: =Z39 -> #DIV/0!
A52: Base Júnior | B52: =_xlfn.IFS(C52="Janeiro",1,C52="Fevereiro",2,C52="Março",3,C52="Abril",4,C52="Maio",5,C52="Junho",6,C52="Julho",7,C52="Agosto",8,C52="Setembro",9,C52="Outubro",10,C52="Novembro",11,C52="Dezembro",12,TRUE,0) -> 3 | C52: Março | D52: 75 | E52: 17 | F52: =E52/D52 -> 0.22666667 | G52: =IF(F52>=I40,"Desempenho Ótimo",(IF(F52>H40,"Desempenho Bom",(IF(F52>J40,"Desempenho Médio",IF(F52<=J40,"Desempenho Deficitário",0)))))) -> #DIV/0! | H52: =H40 -> #DIV/0! | I52: =I40 -> #DIV/0! | J52: =J40 -> #DIV/0! | K52: 50000 | L52: ='Monitoramento Acumulado Geral'!Q52 -> 3500 | M52: =(SUM(L50:L52))/K51 -> 0.223476 | N52: =IF(M52>=P40,"Desempenho Ótimo",(IF(M52>O40,"Desempenho Bom",(IF(M52>Q40,"Desempenho Médio",IF(M52<=Q40,"Desempenho Deficitário",0)))))) -> #DIV/0! | O52: =O40 -> #DIV/0! | P52: =P40 -> #DIV/0! | Q52: =Q40 -> #DIV/0! | R52: 80 | S52: 17 | T52: =S52/R52 -> 0.2125 | U52: =IF(T52>=W52,"Desempenho Ótimo",(IF(T52>V52,"Desempenho Bom",(IF(T52>X52,"Desempenho Médio",IF(T52<=X52,"Desempenho Deficitário",0)))))) -> #DIV/0! | V52: =V40 -> #DIV/0! | W52: =W40 -> #DIV/0! | X52: =X40 -> #DIV/0! | Y52: =Y40 -> #DIV/0! | Z52: =Z40 -> #DIV/0!
A53: Base Júnior | B53: =_xlfn.IFS(C53="Janeiro",1,C53="Fevereiro",2,C53="Março",3,C53="Abril",4,C53="Maio",5,C53="Junho",6,C53="Julho",7,C53="Agosto",8,C53="Setembro",9,C53="Outubro",10,C53="Novembro",11,C53="Dezembro",12,TRUE,0) -> 4 | C53: Abril | D53: 75 | E53: 17 | F53: =E53/D53 -> 0.22666667 | G53: =IF(F53>=I41,"Desempenho Ótimo",(IF(F53>H41,"Desempenho Bom",(IF(F53>J41,"Desempenho Médio",IF(F53<=J41,"Desempenho Deficitário",0)))))) -> #DIV/0! | H53: =H41 -> #DIV/0! | I53: =I41 -> #DIV/0! | J53: =J41 -> #DIV/0! | K53: 50000 | L53: ='Monitoramento Acumulado Geral'!Q53 -> 0 | M53: =(SUM(L50:L53))/K52 -> 0.223476 | N53: =IF(M53>=P41,"Desempenho Ótimo",(IF(M53>O41,"Desempenho Bom",(IF(M53>Q41,"Desempenho Médio",IF(M53<=Q41,"Desempenho Deficitário",0)))))) -> #DIV/0! | O53: =O41 -> #DIV/0! | P53: =P41 -> #DIV/0! | Q53: =Q41 -> #DIV/0! | R53: 80 | S53: 17 | T53: =S53/R53 -> 0.2125 | U53: =IF(T53>=W53,"Desempenho Ótimo",(IF(T53>V53,"Desempenho Bom",(IF(T53>X53,"Desempenho Médio",IF(T53<=X53,"Desempenho Deficitário",0)))))) -> #DIV/0! | V53: =V41 -> #DIV/0! | W53: =W41 -> #DIV/0! | X53: =X41 -> #DIV/0! | Y53: =Y41 -> #DIV/0! | Z53: =Z41 -> #DIV/0!
A54: Base Júnior | B54: =_xlfn.IFS(C54="Janeiro",1,C54="Fevereiro",2,C54="Março",3,C54="Abril",4,C54="Maio",5,C54="Junho",6,C54="Julho",7,C54="Agosto",8,C54="Setembro",9,C54="Outubro",10,C54="Novembro",11,C54="Dezembro",12,TRUE,0) -> 5 | C54: Maio | D54: 75 | E54: 28 | F54: =E54/D54 -> 0.37333333 | G54: =IF(F54>=I42,"Desempenho Ótimo",(IF(F54>H42,"Desempenho Bom",(IF(F54>J42,"Desempenho Médio",IF(F54<=J42,"Desempenho Deficitário",0)))))) -> #DIV/0! | H54: =H42 -> #DIV/0! | I54: =I42 -> #DIV/0! | J54: =J42 -> #DIV/0! | K54: 50000 | L54: ='Monitoramento Acumulado Geral'!Q54 -> 6900 | M54: =(SUM(L50:L54))/K53 -> 0.361476 | N54: =IF(M54>=P42,"Desempenho Ótimo",(IF(M54>O42,"Desempenho Bom",(IF(M54>Q42,"Desempenho Médio",IF(M54<=Q42,"Desempenho Deficitário",0)))))) -> #DIV/0! | O54: =O42 -> #DIV/0! | P54: =P42 -> #DIV/0! | Q54: =Q42 -> #DIV/0! | R54: 80 | S54: 97 | T54: =S54/R54 -> 1.2125 | U54: =IF(T54>=W54,"Desempenho Ótimo",(IF(T54>V54,"Desempenho Bom",(IF(T54>X54,"Desempenho Médio",IF(T54<=X54,"Desempenho Deficitário",0)))))) -> #DIV/0! | V54: =V42 -> #DIV/0! | W54: =W42 -> #DIV/0! | X54: =X42 -> #DIV/0! | Y54: =Y42 -> #DIV/0! | Z54: =Z42 -> #DIV/0!
A55: Base Júnior | B55: =_xlfn.IFS(C55="Janeiro",1,C55="Fevereiro",2,C55="Março",3,C55="Abril",4,C55="Maio",5,C55="Junho",6,C55="Julho",7,C55="Agosto",8,C55="Setembro",9,C55="Outubro",10,C55="Novembro",11,C55="Dezembro",12,TRUE,0) -> 6 | C55: Junho | D55: 75 | E55: 34 | F55: =E55/D55 -> 0.45333333 | G55: =IF(F55>=I43,"Desempenho Ótimo",(IF(F55>H43,"Desempenho Bom",(IF(F55>J43,"Desempenho Médio",IF(F55<=J43,"Desempenho Deficitário",0)))))) -> #DIV/0! | H55: =H43 -> #DIV/0! | I55: =I43 -> #DIV/0! | J55: =J43 -> #DIV/0! | K55: 50000 | L55: ='Monitoramento Acumulado Geral'!Q55 -> 2200 | M55: =(SUM(L50:L55))/K54 -> 0.405476 | N55: =IF(M55>=P43,"Desempenho Ótimo",(IF(M55>O43,"Desempenho Bom",(IF(M55>Q43,"Desempenho Médio",IF(M55<=Q43,"Desempenho Deficitário",0)))))) -> #DIV/0! | O55: =O43 -> #DIV/0! | P55: =P43 -> #DIV/0! | Q55: =Q43 -> #DIV/0! | R55: 80 | S55: 97 | T55: =S55/R55 -> 1.2125 | U55: =IF(T55>=W55,"Desempenho Ótimo",(IF(T55>V55,"Desempenho Bom",(IF(T55>X55,"Desempenho Médio",IF(T55<=X55,"Desempenho Deficitário",0)))))) -> #DIV/0! | V55: =V43 -> #DIV/0! | W55: =W43 -> #DIV/0! | X55: =X43 -> #DIV/0! | Y55: =Y43 -> #DIV/0! | Z55: =Z43 -> #DIV/0!
A56: Base Júnior | B56: =_xlfn.IFS(C56="Janeiro",1,C56="Fevereiro",2,C56="Março",3,C56="Abril",4,C56="Maio",5,C56="Junho",6,C56="Julho",7,C56="Agosto",8,C56="Setembro",9,C56="Outubro",10,C56="Novembro",11,C56="Dezembro",12,TRUE,0) -> 7 | C56: Julho | D56: 75 | E56: 34 | F56: =E56/D56 -> 0.45333333 | G56: =IF(F56>=I44,"Desempenho Ótimo",(IF(F56>H44,"Desempenho Bom",(IF(F56>J44,"Desempenho Médio",IF(F56<=J44,"Desempenho Deficitário",0)))))) -> #DIV/0! | H56: =H44 -> #DIV/0! | I56: =I44 -> #DIV/0! | J56: =J44 -> #DIV/0! | K56: 50000 | L56: ='Monitoramento Acumulado Geral'!Q56 -> 0 | M56: =(SUM(L50:L56))/K55 -> 0.405476 | N56: =IF(M56>=P44,"Desempenho Ótimo",(IF(M56>O44,"Desempenho Bom",(IF(M56>Q44,"Desempenho Médio",IF(M56<=Q44,"Desempenho Deficitário",0)))))) -> #DIV/0! | O56: =O44 -> #DIV/0! | P56: =P44 -> #DIV/0! | Q56: =Q44 -> #DIV/0! | R56: 80 | S56: 97 | T56: =S56/R56 -> 1.2125 | U56: =IF(T56>=W56,"Desempenho Ótimo",(IF(T56>V56,"Desempenho Bom",(IF(T56>X56,"Desempenho Médio",IF(T56<=X56,"Desempenho Deficitário",0)))))) -> #DIV/0! | V56: =V44 -> #DIV/0! | W56: =W44 -> #DIV/0! | X56: =X44 -> #DIV/0! | Y56: =Y44 -> #DIV/0! | Z56: =Z44 -> #DIV/0!
A57: Base Júnior | B57: =_xlfn.IFS(C57="Janeiro",1,C57="Fevereiro",2,C57="Março",3,C57="Abril",4,C57="Maio",5,C57="Junho",6,C57="Julho",7,C57="Agosto",8,C57="Setembro",9,C57="Outubro",10,C57="Novembro",11,C57="Dezembro",12,TRUE,0) -> 8 | C57: Agosto | D57: 75 | E57: 72 | F57: =E57/D57 -> 0.96 | G57: =IF(F57>=I45,"Desempenho Ótimo",(IF(F57>H45,"Desempenho Bom",(IF(F57>J45,"Desempenho Médio",IF(F57<=J45,"Desempenho Deficitário",0)))))) -> #DIV/0! | H57: =H45 -> #DIV/0! | I57: =I45 -> #DIV/0! | J57: =J45 -> #DIV/0! | K57: 50000 | L57: ='Monitoramento Acumulado Geral'!Q57 -> 20777.5 | M57: =(SUM(L50:L57))/K56 -> 0.821026 | N57: =IF(M57>=P45,"Desempenho Ótimo",(IF(M57>O45,"Desempenho Bom",(IF(M57>Q45,"Desempenho Médio",IF(M57<=Q45,"Desempenho Deficitário",0)))))) -> #DIV/0! | O57: =O45 -> #DIV/0! | P57: =P45 -> #DIV/0! | Q57: =Q45 -> #DIV/0! | R57: 80 | S57: 97 | T57: =S57/R57 -> 1.2125 | U57: =IF(T57>=W57,"Desempenho Ótimo",(IF(T57>V57,"Desempenho Bom",(IF(T57>X57,"Desempenho Médio",IF(T57<=X57,"Desempenho Deficitário",0)))))) -> #DIV/0! | V57: =V45 -> #DIV/0! | W57: =W45 -> #DIV/0! | X57: =X45 -> #DIV/0! | Y57: =Y45 -> #DIV/0! | Z57: =Z45 -> #DIV/0!
A58: Base Júnior | B58: =_xlfn.IFS(C58="Janeiro",1,C58="Fevereiro",2,C58="Março",3,C58="Abril",4,C58="Maio",5,C58="Junho",6,C58="Julho",7,C58="Agosto",8,C58="Setembro",9,C58="Outubro",10,C58="Novembro",11,C58="Dezembro",12,TRUE,0) -> 9 | C58: Setembro | D58: 75 | E58: 86 | F58: =E58/D58 -> 1.1466667 | G58: =IF(F58>=I46,"Desempenho Ótimo",(IF(F58>H46,"Desempenho Bom",(IF(F58>J46,"Desempenho Médio",IF(F58<=J46,"Desempenho Deficitário",0)))))) -> #DIV/0! | H58: =H46 -> #DIV/0! | I58: =I46 -> #DIV/0! | J58: =J46 -> #DIV/0! | K58: 50000 | L58: ='Monitoramento Acumulado Geral'!Q58 -> 11000 | M58: =(SUM(L50:L58))/K57 -> 1.041026 | N58: =IF(M58>=P46,"Desempenho Ótimo",(IF(M58>O46,"Desempenho Bom",(IF(M58>Q46,"Desempenho Médio",IF(M58<=Q46,"Desempenho Deficitário",0)))))) -> #DIV/0! | O58: =O46 -> #DIV/0! | P58: =P46 -> #DIV/0! | Q58: =Q46 -> #DIV/0! | R58: 80 | S58: 97 | T58: =S58/R58 -> 1.2125 | U58: =IF(T58>=W58,"Desempenho Ótimo",(IF(T58>V58,"Desempenho Bom",(IF(T58>X58,"Desempenho Médio",IF(T58<=X58,"Desempenho Deficitário",0)))))) -> #DIV/0! | V58: =V46 -> #DIV/0! | W58: =W46 -> #DIV/0! | X58: =X46 -> #DIV/0! | Y58: =Y46 -> #DIV/0! | Z58: =Z46 -> #DIV/0!
A59: Base Júnior | B59: =_xlfn.IFS(C59="Janeiro",1,C59="Fevereiro",2,C59="Março",3,C59="Abril",4,C59="Maio",5,C59="Junho",6,C59="Julho",7,C59="Agosto",8,C59="Setembro",9,C59="Outubro",10,C59="Novembro",11,C59="Dezembro",12,TRUE,0) -> 10 | C59: Outubro | D59: 75 | E59: 86 | F59: =E59/D59 -> 1.1466667 | G59: =IF(F59>=I47,"Desempenho Ótimo",(IF(F59>H47,"Desempenho Bom",(IF(F59>J47,"Desempenho Médio",IF(F59<=J47,"Desempenho Deficitário",0)))))) -> #DIV/0! | H59: =H47 -> #DIV/0! | I59: =I47 -> #DIV/0! | J59: =J47 -> #DIV/0! | K59: 50000 | L59: ='Monitoramento Acumulado Geral'!Q59 -> 0 | M59: =(SUM(L50:L59))/K58 -> 1.041026 | N59: =IF(M59>=P47,"Desempenho Ótimo",(IF(M59>O47,"Desempenho Bom",(IF(M59>Q47,"Desempenho Médio",IF(M59<=Q47,"Desempenho Deficitário",0)))))) -> #DIV/0! | O59: =O47 -> #DIV/0! | P59: =P47 -> #DIV/0! | Q59: =Q47 -> #DIV/0! | R59: 80 | S59: 97 | T59: =S59/R59 -> 1.2125 | U59: =IF(T59>=W59,"Desempenho Ótimo",(IF(T59>V59,"Desempenho Bom",(IF(T59>X59,"Desempenho Médio",IF(T59<=X59,"Desempenho Deficitário",0)))))) -> #DIV/0! | V59: =V47 -> #DIV/0! | W59: =W47 -> #DIV/0! | X59: =X47 -> #DIV/0! | Y59: =Y47 -> #DIV/0! | Z59: =Z47 -> #DIV/0!
A60: Base Júnior | B60: =_xlfn.IFS(C60="Janeiro",1,C60="Fevereiro",2,C60="Março",3,C60="Abril",4,C60="Maio",5,C60="Junho",6,C60="Julho",7,C60="Agosto",8,C60="Setembro",9,C60="Outubro",10,C60="Novembro",11,C60="Dezembro",12,TRUE,0) -> 11 | C60: Novembro | D60: 75 | E60: 0 | F60: =E60/D60 -> 0 | G60: =IF(F60>=I48,"Desempenho Ótimo",(IF(F60>H48,"Desempenho Bom",(IF(F60>J48,"Desempenho Médio",IF(F60<=J48,"Desempenho Deficitário",0)))))) -> #DIV/0! | H60: =H48 -> #DIV/0! | I60: =I48 -> #DIV/0! | J60: =J48 -> #DIV/0! | K60: 50000 | L60: ='Monitoramento Acumulado Geral'!Q60 -> 0 | M60: =(SUM(L50:L60))/K59 -> 1.041026 | N60: =IF(M60>=P48,"Desempenho Ótimo",(IF(M60>O48,"Desempenho Bom",(IF(M60>Q48,"Desempenho Médio",IF(M60<=Q48,"Desempenho Deficitário",0)))))) -> #DIV/0! | O60: =O48 -> #DIV/0! | P60: =P48 -> #DIV/0! | Q60: =Q48 -> #DIV/0! | R60: 80 | S60: 0 | T60: =S60/R60 -> 0 | U60: =IF(T60>=W60,"Desempenho Ótimo",(IF(T60>V60,"Desempenho Bom",(IF(T60>X60,"Desempenho Médio",IF(T60<=X60,"Desempenho Deficitário",0)))))) -> #DIV/0! | V60: =V48 -> #DIV/0! | W60: =W48 -> #DIV/0! | X60: =X48 -> #DIV/0! | Y60: =Y48 -> #DIV/0! | Z60: =Z48 -> #DIV/0!
A61: Base Júnior | B61: =_xlfn.IFS(C61="Janeiro",1,C61="Fevereiro",2,C61="Março",3,C61="Abril",4,C61="Maio",5,C61="Junho",6,C61="Julho",7,C61="Agosto",8,C61="Setembro",9,C61="Outubro",10,C61="Novembro",11,C61="Dezembro",12,TRUE,0) -> 12 | C61: Dezembro | D61: 75 | E61: 0 | F61: =E61/D61 -> 0 | G61: =IF(F61>=I49,"Desempenho Ótimo",(IF(F61>H49,"Desempenho Bom",(IF(F61>J49,"Desempenho Médio",IF(F61<=J49,"Desempenho Deficitário",0)))))) -> #DIV/0! | H61: =H49 -> #DIV/0! | I61: =I49 -> #DIV/0! | J61: =J49 -> #DIV/0! | K61: 50000 | L61: ='Monitoramento Acumulado Geral'!Q61 -> 0 | M61: =(SUM(L50:L61))/K60 -> 1.041026 | N61: =IF(M61>=P49,"Desempenho Ótimo",(IF(M61>O49,"Desempenho Bom",(IF(M61>Q49,"Desempenho Médio",IF(M61<=Q49,"Desempenho Deficitário",0)))))) -> #DIV/0! | O61: =O49 -> #DIV/0! | P61: =P49 -> #DIV/0! | Q61: =Q49 -> #DIV/0! | R61: 80 | S61: 0 | T61: =S61/R61 -> 0 | U61: =IF(T61>=W61,"Desempenho Ótimo",(IF(T61>V61,"Desempenho Bom",(IF(T61>X61,"Desempenho Médio",IF(T61<=X61,"Desempenho Deficitário",0)))))) -> #DIV/0! | V61: =V49 -> #DIV/0! | W61: =W49 -> #DIV/0! | X61: =X49 -> #DIV/0! | Y61: =Y49 -> #DIV/0! | Z61: =Z49 -> #DIV/0!
A62: Byte Jr. | B62: =_xlfn.IFS(C62="Janeiro",1,C62="Fevereiro",2,C62="Março",3,C62="Abril",4,C62="Maio",5,C62="Junho",6,C62="Julho",7,C62="Agosto",8,C62="Setembro",9,C62="Outubro",10,C62="Novembro",11,C62="Dezembro",12,TRUE,0) -> 1 | C62: Janeiro | D62: 75 | E62: 28 | F62: =E62/D62 -> 0.37333333 | G62: =IF(F62>=I50,"Desempenho Ótimo",(IF(F62>H50,"Desempenho Bom",(IF(F62>J50,"Desempenho Médio",IF(F62<=J50,"Desempenho Deficitário",0)))))) -> #DIV/0! | H62: =H50 -> #DIV/0! | I62: =I50 -> #DIV/0! | J62: =J50 -> #DIV/0! | K62: 12000 | L62: ='Monitoramento Acumulado Geral'!Q62 -> 4500 | M62: =L62/K62 -> 0.375 | N62: =IF(M62>=P50,"Desempenho Ótimo",(IF(M62>O50,"Desempenho Bom",(IF(M62>Q50,"Desempenho Médio",IF(M62<=Q50,"Desempenho Deficitário",0)))))) -> #DIV/0! | O62: =O50 -> #DIV/0! | P62: =P50 -> #DIV/0! | Q62: =Q50 -> #DIV/0! | R62: 67 | S62: 0 | T62: =S62/R62 -> 0 | U62: =IF(T62>=W62,"Desempenho Ótimo",(IF(T62>V62,"Desempenho Bom",(IF(T62>X62,"Desempenho Médio",IF(T62<=X62,"Desempenho Deficitário",0)))))) -> #DIV/0! | V62: =V50 -> #DIV/0! | W62: =W50 -> #DIV/0! | X62: =X50 -> #DIV/0! | Y62: =Y50 -> #DIV/0! | Z62: =Z50 -> #DIV/0!
A63: Byte Jr. | B63: =_xlfn.IFS(C63="Janeiro",1,C63="Fevereiro",2,C63="Março",3,C63="Abril",4,C63="Maio",5,C63="Junho",6,C63="Julho",7,C63="Agosto",8,C63="Setembro",9,C63="Outubro",10,C63="Novembro",11,C63="Dezembro",12,TRUE,0) -> 2 | C63: Fevereiro | D63: 75 | E63: 28 | F63: =E63/D63 -> 0.37333333 | G63: =IF(F63>=I51,"Desempenho Ótimo",(IF(F63>H51,"Desempenho Bom",(IF(F63>J51,"Desempenho Médio",IF(F63<=J51,"Desempenho Deficitário",0)))))) -> #DIV/0! | H63: =H51 -> #DIV/0! | I63: =I51 -> #DIV/0! | J63: =J51 -> #DIV/0! | K63: 12000 | L63: ='Monitoramento Acumulado Geral'!Q63 -> 0 | M63: =(SUM(L62:L63))/K62 -> 0.375 | N63: =IF(M63>=P51,"Desempenho Ótimo",(IF(M63>O51,"Desempenho Bom",(IF(M63>Q51,"Desempenho Médio",IF(M63<=Q51,"Desempenho Deficitário",0)))))) -> #DIV/0! | O63: =O51 -> #DIV/0! | P63: =P51 -> #DIV/0! | Q63: =Q51 -> #DIV/0! | R63: 67 | S63: 0 | T63: =S63/R63 -> 0 | U63: =IF(T63>=W63,"Desempenho Ótimo",(IF(T63>V63,"Desempenho Bom",(IF(T63>X63,"Desempenho Médio",IF(T63<=X63,"Desempenho Deficitário",0)))))) -> #DIV/0! | V63: =V51 -> #DIV/0! | W63: =W51 -> #DIV/0! | X63: =X51 -> #DIV/0! | Y63: =Y51 -> #DIV/0! | Z63: =Z51 -> #DIV/0!
A64: Byte Jr. | B64: =_xlfn.IFS(C64="Janeiro",1,C64="Fevereiro",2,C64="Março",3,C64="Abril",4,C64="Maio",5,C64="Junho",6,C64="Julho",7,C64="Agosto",8,C64="Setembro",9,C64="Outubro",10,C64="Novembro",11,C64="Dezembro",12,TRUE,0) -> 3 | C64: Março | D64: 75 | E64: 33 | F64: =E64/D64 -> 0.44 | G64: =IF(F64>=I52,"Desempenho Ótimo",(IF(F64>H52,"Desempenho Bom",(IF(F64>J52,"Desempenho Médio",IF(F64<=J52,"Desempenho Deficitário",0)))))) -> #DIV/0! | H64: =H52 -> #DIV/0! | I64: =I52 -> #DIV/0! | J64: =J52 -> #DIV/0! | K64: 12000 | L64: ='Monitoramento Acumulado Geral'!Q64 -> 700 | M64: =(SUM(L62:L64))/K63 -> 0.43333333 | N64: =IF(M64>=P52,"Desempenho Ótimo",(IF(M64>O52,"Desempenho Bom",(IF(M64>Q52,"Desempenho Médio",IF(M64<=Q52,"Desempenho Deficitário",0)))))) -> #DIV/0! | O64: =O52 -> #DIV/0! | P64: =P52 -> #DIV/0! | Q64: =Q52 -> #DIV/0! | R64: 67 | S64: 0 | T64: =S64/R64 -> 0 | U64: =IF(T64>=W64,"Desempenho Ótimo",(IF(T64>V64,"Desempenho Bom",(IF(T64>X64,"Desempenho Médio",IF(T64<=X64,"Desempenho Deficitário",0)))))) -> #DIV/0! | V64: =V52 -> #DIV/0! | W64: =W52 -> #DIV/0! | X64: =X52 -> #DIV/0! | Y64: =Y52 -> #DIV/0! | Z64: =Z52 -> #DIV/0!
A65: Byte Jr. | B65: =_xlfn.IFS(C65="Janeiro",1,C65="Fevereiro",2,C65="Março",3,C65="Abril",4,C65="Maio",5,C65="Junho",6,C65="Julho",7,C65="Agosto",8,C65="Setembro",9,C65="Outubro",10,C65="Novembro",11,C65="Dezembro",12,TRUE,0) -> 4 | C65: Abril | D65: 75 | E65: 33 | F65: =E65/D65 -> 0.44 | G65: =IF(F65>=I53,"Desempenho Ótimo",(IF(F65>H53,"Desempenho Bom",(IF(F65>J53,"Desempenho Médio",IF(F65<=J53,"Desempenho Deficitário",0)))))) -> #DIV/0! | H65: =H53 -> #DIV/0! | I65: =I53 -> #DIV/0! | J65: =J53 -> #DIV/0! | K65: 12000 | L65: ='Monitoramento Acumulado Geral'!Q65 -> 0 | M65: =(SUM(L62:L65))/K64 -> 0.43333333 | N65: =IF(M65>=P53,"Desempenho Ótimo",(IF(M65>O53,"Desempenho Bom",(IF(M65>Q53,"Desempenho Médio",IF(M65<=Q53,"Desempenho Deficitário",0)))))) -> #DIV/0! | O65: =O53 -> #DIV/0! | P65: =P53 -> #DIV/0! | Q65: =Q53 -> #DIV/0! | R65: 67 | S65: 0 | T65: =S65/R65 -> 0 | U65: =IF(T65>=W65,"Desempenho Ótimo",(IF(T65>V65,"Desempenho Bom",(IF(T65>X65,"Desempenho Médio",IF(T65<=X65,"Desempenho Deficitário",0)))))) -> #DIV/0! | V65: =V53 -> #DIV/0! | W65: =W53 -> #DIV/0! | X65: =X53 -> #DIV/0! | Y65: =Y53 -> #DIV/0! | Z65: =Z53 -> #DIV/0!
A66: Byte Jr. | B66: =_xlfn.IFS(C66="Janeiro",1,C66="Fevereiro",2,C66="Março",3,C66="Abril",4,C66="Maio",5,C66="Junho",6,C66="Julho",7,C66="Agosto",8,C66="Setembro",9,C66="Outubro",10,C66="Novembro",11,C66="Dezembro",12,TRUE,0) -> 5 | C66: Maio | D66: 75 | E66: 33 | F66: =E66/D66 -> 0.44 | G66: =IF(F66>=I54,"Desempenho Ótimo",(IF(F66>H54,"Desempenho Bom",(IF(F66>J54,"Desempenho Médio",IF(F66<=J54,"Desempenho Deficitário",0)))))) -> #DIV/0! | H66: =H54 -> #DIV/0! | I66: =I54 -> #DIV/0! | J66: =J54 -> #DIV/0! | K66: 12000 | L66: ='Monitoramento Acumulado Geral'!Q66 -> 0 | M66: =(SUM(L62:L66))/K65 -> 0.43333333 | N66: =IF(M66>=P54,"Desempenho Ótimo",(IF(M66>O54,"Desempenho Bom",(IF(M66>Q54,"Desempenho Médio",IF(M66<=Q54,"Desempenho Deficitário",0)))))) -> #DIV/0! | O66: =O54 -> #DIV/0! | P66: =P54 -> #DIV/0! | Q66: =Q54 -> #DIV/0! | R66: 67 | S66: 0 | T66: =S66/R66 -> 0 | U66: =IF(T66>=W66,"Desempenho Ótimo",(IF(T66>V66,"Desempenho Bom",(IF(T66>X66,"Desempenho Médio",IF(T66<=X66,"Desempenho Deficitário",0)))))) -> #DIV/0! | V66: =V54 -> #DIV/0! | W66: =W54 -> #DIV/0! | X66: =X54 -> #DIV/0! | Y66: =Y54 -> #DIV/0! | Z66: =Z54 -> #DIV/0!
A67: Byte Jr. | B67: =_xlfn.IFS(C67="Janeiro",1,C67="Fevereiro",2,C67="Março",3,C67="Abril",4,C67="Maio",5,C67="Junho",6,C67="Julho",7,C67="Agosto",8,C67="Setembro",9,C67="Outubro",10,C67="Novembro",11,C67="Dezembro",12,TRUE,0) -> 6 | C67: Junho | D67: 75 | E67: 48 | F67: =E67/D67 -> 0.64 | G67: =IF(F67>=I55,"Desempenho Ótimo",(IF(F67>H55,"Desempenho Bom",(IF(F67>J55,"Desempenho Médio",IF(F67<=J55,"Desempenho Deficitário",0)))))) -> #DIV/0! | H67: =H55 -> #DIV/0! | I67: =I55 -> #DIV/0! | J67: =J55 -> #DIV/0! | K67: 12000 | L67: ='Monitoramento Acumulado Geral'!Q67 -> 1184 | M67: =(SUM(L62:L67))/K66 -> 0.532 | N67: =IF(M67>=P55,"Desempenho Ótimo",(IF(M67>O55,"Desempenho Bom",(IF(M67>Q55,"Desempenho Médio",IF(M67<=Q55,"Desempenho Deficitário",0)))))) -> #DIV/0! | O67: =O55 -> #DIV/0! | P67: =P55 -> #DIV/0! | Q67: =Q55 -> #DIV/0! | R67: 67 | S67: 0 | T67: =S67/R67 -> 0 | U67: =IF(T67>=W67,"Desempenho Ótimo",(IF(T67>V67,"Desempenho Bom",(IF(T67>X67,"Desempenho Médio",IF(T67<=X67,"Desempenho Deficitário",0)))))) -> #DIV/0! | V67: =V55 -> #DIV/0! | W67: =W55 -> #DIV/0! | X67: =X55 -> #DIV/0! | Y67: =Y55 -> #DIV/0! | Z67: =Z55 -> #DIV/0!
A68: Byte Jr. | B68: =_xlfn.IFS(C68="Janeiro",1,C68="Fevereiro",2,C68="Março",3,C68="Abril",4,C68="Maio",5,C68="Junho",6,C68="Julho",7,C68="Agosto",8,C68="Setembro",9,C68="Outubro",10,C68="Novembro",11,C68="Dezembro",12,TRUE,0) -> 7 | C68: Julho | D68: 75 | E68: 56 | F68: =E68/D68 -> 0.74666667 | G68: =IF(F68>=I56,"Desempenho Ótimo",(IF(F68>H56,"Desempenho Bom",(IF(F68>J56,"Desempenho Médio",IF(F68<=J56,"Desempenho Deficitário",0)))))) -> #DIV/0! | H68: =H56 -> #DIV/0! | I68: =I56 -> #DIV/0! | J68: =J56 -> #DIV/0! | K68: 12000 | L68: ='Monitoramento Acumulado Geral'!Q68 -> 1297.9 | M68: =(SUM(L62:L68))/K67 -> 0.64015833 | N68: =IF(M68>=P56,"Desempenho Ótimo",(IF(M68>O56,"Desempenho Bom",(IF(M68>Q56,"Desempenho Médio",IF(M68<=Q56,"Desempenho Deficitário",0)))))) -> #DIV/0! | O68: =O56 -> #DIV/0! | P68: =P56 -> #DIV/0! | Q68: =Q56 -> #DIV/0! | R68: 67 | S68: 0 | T68: =S68/R68 -> 0 | U68: =IF(T68>=W68,"Desempenho Ótimo",(IF(T68>V68,"Desempenho Bom",(IF(T68>X68,"Desempenho Médio",IF(T68<=X68,"Desempenho Deficitário",0)))))) -> #DIV/0! | V68: =V56 -> #DIV/0! | W68: =W56 -> #DIV/0! | X68: =X56 -> #DIV/0! | Y68: =Y56 -> #DIV/0! | Z68: =Z56 -> #DIV/0!
A69: Byte Jr. | B69: =_xlfn.IFS(C69="Janeiro",1,C69="Fevereiro",2,C69="Março",3,C69="Abril",4,C69="Maio",5,C69="Junho",6,C69="Julho",7,C69="Agosto",8,C69="Setembro",9,C69="Outubro",10,C69="Novembro",11,C69="Dezembro",12,TRUE,0) -> 8 | C69: Agosto | D69: 75 | E69: 62 | F69: =E69/D69 -> 0.82666667 | G69: =IF(F69>=I57,"Desempenho Ótimo",(IF(F69>H57,"Desempenho Bom",(IF(F69>J57,"Desempenho Médio",IF(F69<=J57,"Desempenho Deficitário",0)))))) -> #DIV/0! | H69: =H57 -> #DIV/0! | I69: =I57 -> #DIV/0! | J69: =J57 -> #DIV/0! | K69: 12000 | L69: ='Monitoramento Acumulado Geral'!Q69 -> 297.9 | M69: =(SUM(L62:L69))/K68 -> 0.66498333 | N69: =IF(M69>=P57,"Desempenho Ótimo",(IF(M69>O57,"Desempenho Bom",(IF(M69>Q57,"Desempenho Médio",IF(M69<=Q57,"Desempenho Deficitário",0)))))) -> #DIV/0! | O69: =O57 -> #DIV/0! | P69: =P57 -> #DIV/0! | Q69: =Q57 -> #DIV/0! | R69: 67 | S69: 0 | T69: =S69/R69 -> 0 | U69: =IF(T69>=W69,"Desempenho Ótimo",(IF(T69>V69,"Desempenho Bom",(IF(T69>X69,"Desempenho Médio",IF(T69<=X69,"Desempenho Deficitário",0)))))) -> #DIV/0! | V69: =V57 -> #DIV/0! | W69: =W57 -> #DIV/0! | X69: =X57 -> #DIV/0! | Y69: =Y57 -> #DIV/0! | Z69: =Z57 -> #DIV/0!
A70: Byte Jr. | B70: =_xlfn.IFS(C70="Janeiro",1,C70="Fevereiro",2,C70="Março",3,C70="Abril",4,C70="Maio",5,C70="Junho",6,C70="Julho",7,C70="Agosto",8,C70="Setembro",9,C70="Outubro",10,C70="Novembro",11,C70="Dezembro",12,TRUE,0) -> 9 | C70: Setembro | D70: 75 | E70: 86 | F70: =E70/D70 -> 1.1466667 | G70: =IF(F70>=I58,"Desempenho Ótimo",(IF(F70>H58,"Desempenho Bom",(IF(F70>J58,"Desempenho Médio",IF(F70<=J58,"Desempenho Deficitário",0)))))) -> #DIV/0! | H70: =H58 -> #DIV/0! | I70: =I58 -> #DIV/0! | J70: =J58 -> #DIV/0! | K70: 12000 | L70: ='Monitoramento Acumulado Geral'!Q70 -> 4575 | M70: =(SUM(L62:L70))/K69 -> 1.0462333 | N70: =IF(M70>=P58,"Desempenho Ótimo",(IF(M70>O58,"Desempenho Bom",(IF(M70>Q58,"Desempenho Médio",IF(M70<=Q58,"Desempenho Deficitário",0)))))) -> #DIV/0! | O70: =O58 -> #DIV/0! | P70: =P58 -> #DIV/0! | Q70: =Q58 -> #DIV/0! | R70: 67 | S70: 71 | T70: =S70/R70 -> 1.0597015 | U70: =IF(T70>=W70,"Desempenho Ótimo",(IF(T70>V70,"Desempenho Bom",(IF(T70>X70,"Desempenho Médio",IF(T70<=X70,"Desempenho Deficitário",0)))))) -> #DIV/0! | V70: =V58 -> #DIV/0! | W70: =W58 -> #DIV/0! | X70: =X58 -> #DIV/0! | Y70: =Y58 -> #DIV/0! | Z70: =Z58 -> #DIV/0!
A71: Byte Jr. | B71: =_xlfn.IFS(C71="Janeiro",1,C71="Fevereiro",2,C71="Março",3,C71="Abril",4,C71="Maio",5,C71="Junho",6,C71="Julho",7,C71="Agosto",8,C71="Setembro",9,C71="Outubro",10,C71="Novembro",11,C71="Dezembro",12,TRUE,0) -> 10 | C71: Outubro | D71: 75 | E71: 86 | F71: =E71/D71 -> 1.1466667 | G71: =IF(F71>=I59,"Desempenho Ótimo",(IF(F71>H59,"Desempenho Bom",(IF(F71>J59,"Desempenho Médio",IF(F71<=J59,"Desempenho Deficitário",0)))))) -> #DIV/0! | H71: =H59 -> #DIV/0! | I71: =I59 -> #DIV/0! | J71: =J59 -> #DIV/0! | K71: 12000 | L71: ='Monitoramento Acumulado Geral'!Q71 -> 0 | M71: =(SUM(L62:L71))/K70 -> 1.0462333 | N71: =IF(M71>=P59,"Desempenho Ótimo",(IF(M71>O59,"Desempenho Bom",(IF(M71>Q59,"Desempenho Médio",IF(M71<=Q59,"Desempenho Deficitário",0)))))) -> #DIV/0! | O71: =O59 -> #DIV/0! | P71: =P59 -> #DIV/0! | Q71: =Q59 -> #DIV/0! | R71: 67 | S71: 71 | T71: =S71/R71 -> 1.0597015 | U71: =IF(T71>=W71,"Desempenho Ótimo",(IF(T71>V71,"Desempenho Bom",(IF(T71>X71,"Desempenho Médio",IF(T71<=X71,"Desempenho Deficitário",0)))))) -> #DIV/0! | V71: =V59 -> #DIV/0! | W71: =W59 -> #DIV/0! | X71: =X59 -> #DIV/0! | Y71: =Y59 -> #DIV/0! | Z71: =Z59 -> #DIV/0!
A72: Byte Jr. | B72: =_xlfn.IFS(C72="Janeiro",1,C72="Fevereiro",2,C72="Março",3,C72="Abril",4,C72="Maio",5,C72="Junho",6,C72="Julho",7,C72="Agosto",8,C72="Setembro",9,C72="Outubro",10,C72="Novembro",11,C72="Dezembro",12,TRUE,0) -> 11 | C72: Novembro | D72: 75 | E72: 0 | F72: =E72/D72 -> 0 | G72: =IF(F72>=I60,"Desempenho Ótimo",(IF(F72>H60,"Desempenho Bom",(IF(F72>J60,"Desempenho Médio",IF(F72<=J60,"Desempenho Deficitário",0)))))) -> #DIV/0! | H72: =H60 -> #DIV/0! | I72: =I60 -> #DIV/0! | J72: =J60 -> #DIV/0! | K72: 12000 | L72: ='Monitoramento Acumulado Geral'!Q72 -> 0 | M72: =(SUM(L62:L72))/K71 -> 1.0462333 | N72: =IF(M72>=P60,"Desempenho Ótimo",(IF(M72>O60,"Desempenho Bom",(IF(M72>Q60,"Desempenho Médio",IF(M72<=Q60,"Desempenho Deficitário",0)))))) -> #DIV/0! | O72: =O60 -> #DIV/0! | P72: =P60 -> #DIV/0! | Q72: =Q60 -> #DIV/0! | R72: 67 | S72: 0 | T72: =S72/R72 -> 0 | U72: =IF(T72>=W72,"Desempenho Ótimo",(IF(T72>V72,"Desempenho Bom",(IF(T72>X72,"Desempenho Médio",IF(T72<=X72,"Desempenho Deficitário",0)))))) -> #DIV/0! | V72: =V60 -> #DIV/0! | W72: =W60 -> #DIV/0! | X72: =X60 -> #DIV/0! | Y72: =Y60 -> #DIV/0! | Z72: =Z60 -> #DIV/0!
A73: Byte Jr. | B73: =_xlfn.IFS(C73="Janeiro",1,C73="Fevereiro",2,C73="Março",3,C73="Abril",4,C73="Maio",5,C73="Junho",6,C73="Julho",7,C73="Agosto",8,C73="Setembro",9,C73="Outubro",10,C73="Novembro",11,C73="Dezembro",12,TRUE,0) -> 12 | C73: Dezembro | D73: 75 | E73: 0 | F73: =E73/D73 -> 0 | G73: =IF(F73>=I61,"Desempenho Ótimo",(IF(F73>H61,"Desempenho Bom",(IF(F73>J61,"Desempenho Médio",IF(F73<=J61,"Desempenho Deficitário",0)))))) -> #DIV/0! | H73: =H61 -> #DIV/0! | I73: =I61 -> #DIV/0! | J73: =J61 -> #DIV/0! | K73: 12000 | L73: ='Monitoramento Acumulado Geral'!Q73 -> 0 | M73: =(SUM(L62:L73))/K72 -> 1.0462333 | N73: =IF(M73>=P61,"Desempenho Ótimo",(IF(M73>O61,"Desempenho Bom",(IF(M73>Q61,"Desempenho Médio",IF(M73<=Q61,"Desempenho Deficitário",0)))))) -> #DIV/0! | O73: =O61 -> #DIV/0! | P73: =P61 -> #DIV/0! | Q73: =Q61 -> #DIV/0! | R73: 67 | S73: 0 | T73: =S73/R73 -> 0 | U73: =IF(T73>=W73,"Desempenho Ótimo",(IF(T73>V73,"Desempenho Bom",(IF(T73>X73,"Desempenho Médio",IF(T73<=X73,"Desempenho Deficitário",0)))))) -> #DIV/0! | V73: =V61 -> #DIV/0! | W73: =W61 -> #DIV/0! | X73: =X61 -> #DIV/0! | Y73: =Y61 -> #DIV/0! | Z73: =Z61 -> #DIV/0!
A74: Caduceu Júnior | B74: =_xlfn.IFS(C74="Janeiro",1,C74="Fevereiro",2,C74="Março",3,C74="Abril",4,C74="Maio",5,C74="Junho",6,C74="Julho",7,C74="Agosto",8,C74="Setembro",9,C74="Outubro",10,C74="Novembro",11,C74="Dezembro",12,TRUE,0) -> 1 | C74: Janeiro | D74: 75 | E74: 13 | F74: =E74/D74 -> 0.17333333 | G74: =IF(F74>=I74,"Desempenho Ótimo",(IF(F74>H74,"Desempenho Bom",(IF(F74>J74,"Desempenho Médio",IF(F74<=J74,"Desempenho Deficitário",0)))))) -> #DIV/0! | H74: =H62 -> #DIV/0! | I74: =I62 -> #DIV/0! | J74: =J62 -> #DIV/0! | K74: 65000 | L74: ='Monitoramento Acumulado Geral'!Q74 -> 9015 | M74: =L74/K74 -> 0.13869231 | N74: =IF(M74>=P62,"Desempenho Ótimo",(IF(M74>O62,"Desempenho Bom",(IF(M74>Q62,"Desempenho Médio",IF(M74<=Q62,"Desempenho Deficitário",0)))))) -> #DIV/0! | O74: =O62 -> #DIV/0! | P74: =P62 -> #DIV/0! | Q74: =Q62 -> #DIV/0! | R74: 80 | S74: 9 | T74: =S74/R74 -> 0.1125 | U74: =IF(T74>=W74,"Desempenho Ótimo",(IF(T74>V74,"Desempenho Bom",(IF(T74>X74,"Desempenho Médio",IF(T74<=X74,"Desempenho Deficitário",0)))))) -> #DIV/0! | V74: =V62 -> #DIV/0! | W74: =W62 -> #DIV/0! | X74: =X62 -> #DIV/0! | Y74: =Y62 -> #DIV/0! | Z74: =Z62 -> #DIV/0!
A75: Caduceu Júnior | B75: =_xlfn.IFS(C75="Janeiro",1,C75="Fevereiro",2,C75="Março",3,C75="Abril",4,C75="Maio",5,C75="Junho",6,C75="Julho",7,C75="Agosto",8,C75="Setembro",9,C75="Outubro",10,C75="Novembro",11,C75="Dezembro",12,TRUE,0) -> 2 | C75: Fevereiro | D75: 75 | E75: 13 | F75: =E75/D75 -> 0.17333333 | G75: =IF(F75>=I75,"Desempenho Ótimo",(IF(F75>H75,"Desempenho Bom",(IF(F75>J75,"Desempenho Médio",IF(F75<=J75,"Desempenho Deficitário",0)))))) -> #DIV/0! | H75: =H63 -> #DIV/0! | I75: =I63 -> #DIV/0! | J75: =J63 -> #DIV/0! | K75: 65000 | L75: ='Monitoramento Acumulado Geral'!Q75 -> 10340 | M75: =(SUM(L74:L75))/K74 -> 0.29776923 | N75: =IF(M75>=P63,"Desempenho Ótimo",(IF(M75>O63,"Desempenho Bom",(IF(M75>Q63,"Desempenho Médio",IF(M75<=Q63,"Desempenho Deficitário",0)))))) -> #DIV/0! | O75: =O63 -> #DIV/0! | P75: =P63 -> #DIV/0! | Q75: =Q63 -> #DIV/0! | R75: 80 | S75: 9 | T75: =S75/R75 -> 0.1125 | U75: =IF(T75>=W75,"Desempenho Ótimo",(IF(T75>V75,"Desempenho Bom",(IF(T75>X75,"Desempenho Médio",IF(T75<=X75,"Desempenho Deficitário",0)))))) -> #DIV/0! | V75: =V63 -> #DIV/0! | W75: =W63 -> #DIV/0! | X75: =X63 -> #DIV/0! | Y75: =Y63 -> #DIV/0! | Z75: =Z63 -> #DIV/0!
A76: Caduceu Júnior | B76: =_xlfn.IFS(C76="Janeiro",1,C76="Fevereiro",2,C76="Março",3,C76="Abril",4,C76="Maio",5,C76="Junho",6,C76="Julho",7,C76="Agosto",8,C76="Setembro",9,C76="Outubro",10,C76="Novembro",11,C76="Dezembro",12,TRUE,0) -> 3 | C76: Março | D76: 75 | E76: 13 | F76: =E76/D76 -> 0.17333333 | G76: =IF(F76>=I76,"Desempenho Ótimo",(IF(F76>H76,"Desempenho Bom",(IF(F76>J76,"Desempenho Médio",IF(F76<=J76,"Desempenho Deficitário",0)))))) -> #DIV/0! | H76: =H64 -> #DIV/0! | I76: =I64 -> #DIV/0! | J76: =J64 -> #DIV/0! | K76: 65000 | L76: ='Monitoramento Acumulado Geral'!Q76 -> 2600 | M76: =(SUM(L74:L76))/K75 -> 0.33776923 | N76: =IF(M76>=P64,"Desempenho Ótimo",(IF(M76>O64,"Desempenho Bom",(IF(M76>Q64,"Desempenho Médio",IF(M76<=Q64,"Desempenho Deficitário",0)))))) -> #DIV/0! | O76: =O64 -> #DIV/0! | P76: =P64 -> #DIV/0! | Q76: =Q64 -> #DIV/0! | R76: 80 | S76: 9 | T76: =S76/R76 -> 0.1125 | U76: =IF(T76>=W76,"Desempenho Ótimo",(IF(T76>V76,"Desempenho Bom",(IF(T76>X76,"Desempenho Médio",IF(T76<=X76,"Desempenho Deficitário",0)))))) -> #DIV/0! | V76: =V64 -> #DIV/0! | W76: =W64 -> #DIV/0! | X76: =X64 -> #DIV/0! | Y76: =Y64 -> #DIV/0! | Z76: =Z64 -> #DIV/0!
A77: Caduceu Júnior | B77: =_xlfn.IFS(C77="Janeiro",1,C77="Fevereiro",2,C77="Março",3,C77="Abril",4,C77="Maio",5,C77="Junho",6,C77="Julho",7,C77="Agosto",8,C77="Setembro",9,C77="Outubro",10,C77="Novembro",11,C77="Dezembro",12,TRUE,0) -> 4 | C77: Abril | D77: 75 | E77: 22 | F77: =E77/D77 -> 0.29333333 | G77: =IF(F77>=I77,"Desempenho Ótimo",(IF(F77>H77,"Desempenho Bom",(IF(F77>J77,"Desempenho Médio",IF(F77<=J77,"Desempenho Deficitário",0)))))) -> #DIV/0! | H77: =H65 -> #DIV/0! | I77: =I65 -> #DIV/0! | J77: =J65 -> #DIV/0! | K77: 65000 | L77: ='Monitoramento Acumulado Geral'!Q77 -> 4240 | M77: =(SUM(L74:L77))/K76 -> 0.403 | N77: =IF(M77>=P65,"Desempenho Ótimo",(IF(M77>O65,"Desempenho Bom",(IF(M77>Q65,"Desempenho Médio",IF(M77<=Q65,"Desempenho Deficitário",0)))))) -> #DIV/0! | O77: =O65 -> #DIV/0! | P77: =P65 -> #DIV/0! | Q77: =Q65 -> #DIV/0! | R77: 80 | S77: 9 | T77: =S77/R77 -> 0.1125 | U77: =IF(T77>=W77,"Desempenho Ótimo",(IF(T77>V77,"Desempenho Bom",(IF(T77>X77,"Desempenho Médio",IF(T77<=X77,"Desempenho Deficitário",0)))))) -> #DIV/0! | V77: =V65 -> #DIV/0! | W77: =W65 -> #DIV/0! | X77: =X65 -> #DIV/0! | Y77: =Y65 -> #DIV/0! | Z77: =Z65 -> #DIV/0!
A78: Caduceu Júnior | B78: =_xlfn.IFS(C78="Janeiro",1,C78="Fevereiro",2,C78="Março",3,C78="Abril",4,C78="Maio",5,C78="Junho",6,C78="Julho",7,C78="Agosto",8,C78="Setembro",9,C78="Outubro",10,C78="Novembro",11,C78="Dezembro",12,TRUE,0) -> 5 | C78: Maio | D78: 75 | E78: 43 | F78: =E78/D78 -> 0.57333333 | G78: =IF(F78>=I78,"Desempenho Ótimo",(IF(F78>H78,"Desempenho Bom",(IF(F78>J78,"Desempenho Médio",IF(F78<=J78,"Desempenho Deficitário",0)))))) -> #DIV/0! | H78: =H66 -> #DIV/0! | I78: =I66 -> #DIV/0! | J78: =J66 -> #DIV/0! | K78: 65000 | L78: ='Monitoramento Acumulado Geral'!Q78 -> 5510 | M78: =(SUM(L74:L78))/K77 -> 0.48776923 | N78: =IF(M78>=P66,"Desempenho Ótimo",(IF(M78>O66,"Desempenho Bom",(IF(M78>Q66,"Desempenho Médio",IF(M78<=Q66,"Desempenho Deficitário",0)))))) -> #DIV/0! | O78: =O66 -> #DIV/0! | P78: =P66 -> #DIV/0! | Q78: =Q66 -> #DIV/0! | R78: 80 | S78: 35 | T78: =S78/R78 -> 0.4375 | U78: =IF(T78>=W78,"Desempenho Ótimo",(IF(T78>V78,"Desempenho Bom",(IF(T78>X78,"Desempenho Médio",IF(T78<=X78,"Desempenho Deficitário",0)))))) -> #DIV/0! | V78: =V66 -> #DIV/0! | W78: =W66 -> #DIV/0! | X78: =X66 -> #DIV/0! | Y78: =Y66 -> #DIV/0! | Z78: =Z66 -> #DIV/0!
A79: Caduceu Júnior | B79: =_xlfn.IFS(C79="Janeiro",1,C79="Fevereiro",2,C79="Março",3,C79="Abril",4,C79="Maio",5,C79="Junho",6,C79="Julho",7,C79="Agosto",8,C79="Setembro",9,C79="Outubro",10,C79="Novembro",11,C79="Dezembro",12,TRUE,0) -> 6 | C79: Junho | D79: 75 | E79: 48 | F79: =E79/D79 -> 0.64 | G79: =IF(F79>=I79,"Desempenho Ótimo",(IF(F79>H79,"Desempenho Bom",(IF(F79>J79,"Desempenho Médio",IF(F79<=J79,"Desempenho Deficitário",0)))))) -> #DIV/0! | H79: =H67 -> #DIV/0! | I79: =I67 -> #DIV/0! | J79: =J67 -> #DIV/0! | K79: 65000 | L79: ='Monitoramento Acumulado Geral'!Q79 -> 5025 | M79: =(SUM(L74:L79))/K78 -> 0.56507692 | N79: =IF(M79>=P67,"Desempenho Ótimo",(IF(M79>O67,"Desempenho Bom",(IF(M79>Q67,"Desempenho Médio",IF(M79<=Q67,"Desempenho Deficitário",0)))))) -> #DIV/0! | O79: =O67 -> #DIV/0! | P79: =P67 -> #DIV/0! | Q79: =Q67 -> #DIV/0! | R79: 80 | S79: 35 | T79: =S79/R79 -> 0.4375 | U79: =IF(T79>=W79,"Desempenho Ótimo",(IF(T79>V79,"Desempenho Bom",(IF(T79>X79,"Desempenho Médio",IF(T79<=X79,"Desempenho Deficitário",0)))))) -> #DIV/0! | V79: =V67 -> #DIV/0! | W79: =W67 -> #DIV/0! | X79: =X67 -> #DIV/0! | Y79: =Y67 -> #DIV/0! | Z79: =Z67 -> #DIV/0!
A80: Caduceu Júnior | B80: =_xlfn.IFS(C80="Janeiro",1,C80="Fevereiro",2,C80="Março",3,C80="Abril",4,C80="Maio",5,C80="Junho",6,C80="Julho",7,C80="Agosto",8,C80="Setembro",9,C80="Outubro",10,C80="Novembro",11,C80="Dezembro",12,TRUE,0) -> 7 | C80: Julho | D80: 75 | E80: 56 | F80: =E80/D80 -> 0.74666667 | G80: =IF(F80>=I80,"Desempenho Ótimo",(IF(F80>H80,"Desempenho Bom",(IF(F80>J80,"Desempenho Médio",IF(F80<=J80,"Desempenho Deficitário",0)))))) -> #DIV/0! | H80: =H68 -> #DIV/0! | I80: =I68 -> #DIV/0! | J80: =J68 -> #DIV/0! | K80: 65000 | L80: ='Monitoramento Acumulado Geral'!Q80 -> 9853.4 | M80: =(SUM(L74:L80))/K79 -> 0.71666769 | N80: =IF(M80>=P68,"Desempenho Ótimo",(IF(M80>O68,"Desempenho Bom",(IF(M80>Q68,"Desempenho Médio",IF(M80<=Q68,"Desempenho Deficitário",0)))))) -> #DIV/0! | O80: =O68 -> #DIV/0! | P80: =P68 -> #DIV/0! | Q80: =Q68 -> #DIV/0! | R80: 80 | S80: 35 | T80: =S80/R80 -> 0.4375 | U80: =IF(T80>=W80,"Desempenho Ótimo",(IF(T80>V80,"Desempenho Bom",(IF(T80>X80,"Desempenho Médio",IF(T80<=X80,"Desempenho Deficitário",0)))))) -> #DIV/0! | V80: =V68 -> #DIV/0! | W80: =W68 -> #DIV/0! | X80: =X68 -> #DIV/0! | Y80: =Y68 -> #DIV/0! | Z80: =Z68 -> #DIV/0!
A81: Caduceu Júnior | B81: =_xlfn.IFS(C81="Janeiro",1,C81="Fevereiro",2,C81="Março",3,C81="Abril",4,C81="Maio",5,C81="Junho",6,C81="Julho",7,C81="Agosto",8,C81="Setembro",9,C81="Outubro",10,C81="Novembro",11,C81="Dezembro",12,TRUE,0) -> 8 | C81: Agosto | D81: 75 | E81: 56 | F81: =E81/D81 -> 0.74666667 | G81: =IF(F81>=I81,"Desempenho Ótimo",(IF(F81>H81,"Desempenho Bom",(IF(F81>J81,"Desempenho Médio",IF(F81<=J81,"Desempenho Deficitário",0)))))) -> #DIV/0! | H81: =H69 -> #DIV/0! | I81: =I69 -> #DIV/0! | J81: =J69 -> #DIV/0! | K81: 65000 | L81: ='Monitoramento Acumulado Geral'!Q81 -> 3702 | M81: =(SUM(L74:L81))/K80 -> 0.77362154 | N81: =IF(M81>=P69,"Desempenho Ótimo",(IF(M81>O69,"Desempenho Bom",(IF(M81>Q69,"Desempenho Médio",IF(M81<=Q69,"Desempenho Deficitário",0)))))) -> #DIV/0! | O81: =O69 -> #DIV/0! | P81: =P69 -> #DIV/0! | Q81: =Q69 -> #DIV/0! | R81: 80 | S81: 35 | T81: =S81/R81 -> 0.4375 | U81: =IF(T81>=W81,"Desempenho Ótimo",(IF(T81>V81,"Desempenho Bom",(IF(T81>X81,"Desempenho Médio",IF(T81<=X81,"Desempenho Deficitário",0)))))) -> #DIV/0! | V81: =V69 -> #DIV/0! | W81: =W69 -> #DIV/0! | X81: =X69 -> #DIV/0! | Y81: =Y69 -> #DIV/0! | Z81: =Z69 -> #DIV/0!
A82: Caduceu Júnior | B82: =_xlfn.IFS(C82="Janeiro",1,C82="Fevereiro",2,C82="Março",3,C82="Abril",4,C82="Maio",5,C82="Junho",6,C82="Julho",7,C82="Agosto",8,C82="Setembro",9,C82="Outubro",10,C82="Novembro",11,C82="Dezembro",12,TRUE,0) -> 9 | C82: Setembro | D82: 75 | E82: 74 | F82: =E82/D82 -> 0.98666667 | G82: =IF(F82>=I82,"Desempenho Ótimo",(IF(F82>H82,"Desempenho Bom",(IF(F82>J82,"Desempenho Médio",IF(F82<=J82,"Desempenho Deficitário",0)))))) -> #DIV/0! | H82: =H70 -> #DIV/0! | I82: =I70 -> #DIV/0! | J82: =J70 -> #DIV/0! | K82: 65000 | L82: ='Monitoramento Acumulado Geral'!Q82 -> 3922 | M82: =(SUM(L74:L82))/K81 -> 0.83396 | N82: =IF(M82>=P70,"Desempenho Ótimo",(IF(M82>O70,"Desempenho Bom",(IF(M82>Q70,"Desempenho Médio",IF(M82<=Q70,"Desempenho Deficitário",0)))))) -> #DIV/0! | O82: =O70 -> #DIV/0! | P82: =P70 -> #DIV/0! | Q82: =Q70 -> #DIV/0! | R82: 80 | S82: 35 | T82: =S82/R82 -> 0.4375 | U82: =IF(T82>=W82,"Desempenho Ótimo",(IF(T82>V82,"Desempenho Bom",(IF(T82>X82,"Desempenho Médio",IF(T82<=X82,"Desempenho Deficitário",0)))))) -> #DIV/0! | V82: =V70 -> #DIV/0! | W82: =W70 -> #DIV/0! | X82: =X70 -> #DIV/0! | Y82: =Y70 -> #DIV/0! | Z82: =Z70 -> #DIV/0!
A83: Caduceu Júnior | B83: =_xlfn.IFS(C83="Janeiro",1,C83="Fevereiro",2,C83="Março",3,C83="Abril",4,C83="Maio",5,C83="Junho",6,C83="Julho",7,C83="Agosto",8,C83="Setembro",9,C83="Outubro",10,C83="Novembro",11,C83="Dezembro",12,TRUE,0) -> 10 | C83: Outubro | D83: 75 | E83: 74 | F83: =E83/D83 -> 0.98666667 | G83: =IF(F83>=I83,"Desempenho Ótimo",(IF(F83>H83,"Desempenho Bom",(IF(F83>J83,"Desempenho Médio",IF(F83<=J83,"Desempenho Deficitário",0)))))) -> #DIV/0! | H83: =H71 -> #DIV/0! | I83: =I71 -> #DIV/0! | J83: =J71 -> #DIV/0! | K83: 65000 | L83: ='Monitoramento Acumulado Geral'!Q83 -> 0 | M83: =(SUM(L74:L83))/K82 -> 0.83396 | N83: =IF(M83>=P71,"Desempenho Ótimo",(IF(M83>O71,"Desempenho Bom",(IF(M83>Q71,"Desempenho Médio",IF(M83<=Q71,"Desempenho Deficitário",0)))))) -> #DIV/0! | O83: =O71 -> #DIV/0! | P83: =P71 -> #DIV/0! | Q83: =Q71 -> #DIV/0! | R83: 80 | S83: 35 | T83: =S83/R83 -> 0.4375 | U83: =IF(T83>=W83,"Desempenho Ótimo",(IF(T83>V83,"Desempenho Bom",(IF(T83>X83,"Desempenho Médio",IF(T83<=X83,"Desempenho Deficitário",0)))))) -> #DIV/0! | V83: =V71 -> #DIV/0! | W83: =W71 -> #DIV/0! | X83: =X71 -> #DIV/0! | Y83: =Y71 -> #DIV/0! | Z83: =Z71 -> #DIV/0!
A84: Caduceu Júnior | B84: =_xlfn.IFS(C84="Janeiro",1,C84="Fevereiro",2,C84="Março",3,C84="Abril",4,C84="Maio",5,C84="Junho",6,C84="Julho",7,C84="Agosto",8,C84="Setembro",9,C84="Outubro",10,C84="Novembro",11,C84="Dezembro",12,TRUE,0) -> 11 | C84: Novembro | D84: 75 | E84: 0 | F84: =E84/D84 -> 0 | G84: =IF(F84>=I84,"Desempenho Ótimo",(IF(F84>H84,"Desempenho Bom",(IF(F84>J84,"Desempenho Médio",IF(F84<=J84,"Desempenho Deficitário",0)))))) -> #DIV/0! | H84: =H72 -> #DIV/0! | I84: =I72 -> #DIV/0! | J84: =J72 -> #DIV/0! | K84: 65000 | L84: ='Monitoramento Acumulado Geral'!Q84 -> 0 | M84: =(SUM(L74:L84))/K83 -> 0.83396 | N84: =IF(M84>=P72,"Desempenho Ótimo",(IF(M84>O72,"Desempenho Bom",(IF(M84>Q72,"Desempenho Médio",IF(M84<=Q72,"Desempenho Deficitário",0)))))) -> #DIV/0! | O84: =O72 -> #DIV/0! | P84: =P72 -> #DIV/0! | Q84: =Q72 -> #DIV/0! | R84: 80 | S84: 0 | T84: =S84/R84 -> 0 | U84: =IF(T84>=W84,"Desempenho Ótimo",(IF(T84>V84,"Desempenho Bom",(IF(T84>X84,"Desempenho Médio",IF(T84<=X84,"Desempenho Deficitário",0)))))) -> #DIV/0! | V84: =V72 -> #DIV/0! | W84: =W72 -> #DIV/0! | X84: =X72 -> #DIV/0! | Y84: =Y72 -> #DIV/0! | Z84: =Z72 -> #DIV/0!
A85: Caduceu Júnior | B85: =_xlfn.IFS(C85="Janeiro",1,C85="Fevereiro",2,C85="Março",3,C85="Abril",4,C85="Maio",5,C85="Junho",6,C85="Julho",7,C85="Agosto",8,C85="Setembro",9,C85="Outubro",10,C85="Novembro",11,C85="Dezembro",12,TRUE,0) -> 12 | C85: Dezembro | D85: 75 | E85: 0 | F85: =E85/D85 -> 0 | G85: =IF(F85>=I85,"Desempenho Ótimo",(IF(F85>H85,"Desempenho Bom",(IF(F85>J85,"Desempenho Médio",IF(F85<=J85,"Desempenho Deficitário",0)))))) -> #DIV/0! | H85: =H73 -> #DIV/0! | I85: =I73 -> #DIV/0! | J85: =J73 -> #DIV/0! | K85: 65000 | L85: ='Monitoramento Acumulado Geral'!Q85 -> 0 | M85: =(SUM(L74:L85))/K84 -> 0.83396 | N85: =IF(M85>=P73,"Desempenho Ótimo",(IF(M85>O73,"Desempenho Bom",(IF(M85>Q73,"Desempenho Médio",IF(M85<=Q73,"Desempenho Deficitário",0)))))) -> #DIV/0! | O85: =O73 -> #DIV/0! | P85: =P73 -> #DIV/0! | Q85: =Q73 -> #DIV/0! | R85: 80 | S85: 0 | T85: =S85/R85 -> 0 | U85: =IF(T85>=W85,"Desempenho Ótimo",(IF(T85>V85,"Desempenho Bom",(IF(T85>X85,"Desempenho Médio",IF(T85<=X85,"Desempenho Deficitário",0)))))) -> #DIV/0! | V85: =V73 -> #DIV/0! | W85: =W73 -> #DIV/0! | X85: =X73 -> #DIV/0! | Y85: =Y73 -> #DIV/0! | Z85: =Z73 -> #DIV/0!
A86: CASP Jr. - Assessoria em Automação | B86: =_xlfn.IFS(C86="Janeiro",1,C86="Fevereiro",2,C86="Março",3,C86="Abril",4,C86="Maio",5,C86="Junho",6,C86="Julho",7,C86="Agosto",8,C86="Setembro",9,C86="Outubro",10,C86="Novembro",11,C86="Dezembro",12,TRUE,0) -> 1 | C86: Janeiro | D86: 75 | E86: 0 | F86: =E86/D86 -> 0 | G86: =IF(F86>=I86,"Desempenho Ótimo",(IF(F86>H86,"Desempenho Bom",(IF(F86>J86,"Desempenho Médio",IF(F86<=J86,"Desempenho Deficitário",0)))))) -> #DIV/0! | H86: =H74 -> #DIV/0! | I86: =I74 -> #DIV/0! | J86: =J74 -> #DIV/0! | K86: 9000 | L86: ='Monitoramento Acumulado Geral'!Q86 -> 0 | M86: =L86/K86 -> 0 | N86: =IF(M86>=P74,"Desempenho Ótimo",(IF(M86>O74,"Desempenho Bom",(IF(M86>Q74,"Desempenho Médio",IF(M86<=Q74,"Desempenho Deficitário",0)))))) -> #DIV/0! | O86: =O74 -> #DIV/0! | P86: =P74 -> #DIV/0! | Q86: =Q74 -> #DIV/0! | R86: 35 | S86: 0 | T86: =S86/R86 -> 0 | U86: =IF(T86>=W86,"Desempenho Ótimo",(IF(T86>V86,"Desempenho Bom",(IF(T86>X86,"Desempenho Médio",IF(T86<=X86,"Desempenho Deficitário",0)))))) -> #DIV/0! | V86: =V74 -> #DIV/0! | W86: =W74 -> #DIV/0! | X86: =X74 -> #DIV/0! | Y86: =Y74 -> #DIV/0! | Z86: =Z74 -> #DIV/0!
A87: CASP Jr. - Assessoria em Automação | B87: =_xlfn.IFS(C87="Janeiro",1,C87="Fevereiro",2,C87="Março",3,C87="Abril",4,C87="Maio",5,C87="Junho",6,C87="Julho",7,C87="Agosto",8,C87="Setembro",9,C87="Outubro",10,C87="Novembro",11,C87="Dezembro",12,TRUE,0) -> 2 | C87: Fevereiro | D87: 75 | E87: 11 | F87: =E87/D87 -> 0.14666667 | G87: =IF(F87>=I87,"Desempenho Ótimo",(IF(F87>H87,"Desempenho Bom",(IF(F87>J87,"Desempenho Médio",IF(F87<=J87,"Desempenho Deficitário",0)))))) -> #DIV/0! | H87: =H75 -> #DIV/0! | I87: =I75 -> #DIV/0! | J87: =J75 -> #DIV/0! | K87: 9000 | L87: ='Monitoramento Acumulado Geral'!Q87 -> 600 | M87: =(SUM(L86:L87))/K86 -> 0.066666667 | N87: =IF(M87>=P75,"Desempenho Ótimo",(IF(M87>O75,"Desempenho Bom",(IF(M87>Q75,"Desempenho Médio",IF(M87<=Q75,"Desempenho Deficitário",0)))))) -> #DIV/0! | O87: =O75 -> #DIV/0! | P87: =P75 -> #DIV/0! | Q87: =Q75 -> #DIV/0! | R87: 35 | S87: 0 | T87: =S87/R87 -> 0 | U87: =IF(T87>=W87,"Desempenho Ótimo",(IF(T87>V87,"Desempenho Bom",(IF(T87>X87,"Desempenho Médio",IF(T87<=X87,"Desempenho Deficitário",0)))))) -> #DIV/0! | V87: =V75 -> #DIV/0! | W87: =W75 -> #DIV/0! | X87: =X75 -> #DIV/0! | Y87: =Y75 -> #DIV/0! | Z87: =Z75 -> #DIV/0!
A88: CASP Jr. - Assessoria em Automação | B88: =_xlfn.IFS(C88="Janeiro",1,C88="Fevereiro",2,C88="Março",3,C88="Abril",4,C88="Maio",5,C88="Junho",6,C88="Julho",7,C88="Agosto",8,C88="Setembro",9,C88="Outubro",10,C88="Novembro",11,C88="Dezembro",12,TRUE,0) -> 3 | C88: Março | D88: 75 | E88: 11 | F88: =E88/D88 -> 0.14666667 | G88: =IF(F88>=I88,"Desempenho Ótimo",(IF(F88>H88,"Desempenho Bom",(IF(F88>J88,"Desempenho Médio",IF(F88<=J88,"Desempenho Deficitário",0)))))) -> #DIV/0! | H88: =H76 -> #DIV/0! | I88: =I76 -> #DIV/0! | J88: =J76 -> #DIV/0! | K88: 9000 | L88: ='Monitoramento Acumulado Geral'!Q88 -> 0 | M88: =(SUM(L86:L88))/K87 -> 0.066666667 | N88: =IF(M88>=P76,"Desempenho Ótimo",(IF(M88>O76,"Desempenho Bom",(IF(M88>Q76,"Desempenho Médio",IF(M88<=Q76,"Desempenho Deficitário",0)))))) -> #DIV/0! | O88: =O76 -> #DIV/0! | P88: =P76 -> #DIV/0! | Q88: =Q76 -> #DIV/0! | R88: 35 | S88: 0 | T88: =S88/R88 -> 0 | U88: =IF(T88>=W88,"Desempenho Ótimo",(IF(T88>V88,"Desempenho Bom",(IF(T88>X88,"Desempenho Médio",IF(T88<=X88,"Desempenho Deficitário",0)))))) -> #DIV/0! | V88: =V76 -> #DIV/0! | W88: =W76 -> #DIV/0! | X88: =X76 -> #DIV/0! | Y88: =Y76 -> #DIV/0! | Z88: =Z76 -> #DIV/0!
A89: CASP Jr. - Assessoria em Automação | B89: =_xlfn.IFS(C89="Janeiro",1,C89="Fevereiro",2,C89="Março",3,C89="Abril",4,C89="Maio",5,C89="Junho",6,C89="Julho",7,C89="Agosto",8,C89="Setembro",9,C89="Outubro",10,C89="Novembro",11,C89="Dezembro",12,TRUE,0) -> 4 | C89: Abril | D89: 75 | E89: 11 | F89: =E89/D89 -> 0.14666667 | G89: =IF(F89>=I89,"Desempenho Ótimo",(IF(F89>H89,"Desempenho Bom",(IF(F89>J89,"Desempenho Médio",IF(F89<=J89,"Desempenho Deficitário",0)))))) -> #DIV/0! | H89: =H77 -> #DIV/0! | I89: =I77 -> #DIV/0! | J89: =J77 -> #DIV/0! | K89: 9000 | L89: ='Monitoramento Acumulado Geral'!Q89 -> 0 | M89: =(SUM(L86:L89))/K88 -> 0.066666667 | N89: =IF(M89>=P77,"Desempenho Ótimo",(IF(M89>O77,"Desempenho Bom",(IF(M89>Q77,"Desempenho Médio",IF(M89<=Q77,"Desempenho Deficitário",0)))))) -> #DIV/0! | O89: =O77 -> #DIV/0! | P89: =P77 -> #DIV/0! | Q89: =Q77 -> #DIV/0! | R89: 35 | S89: 0 | T89: =S89/R89 -> 0 | U89: =IF(T89>=W89,"Desempenho Ótimo",(IF(T89>V89,"Desempenho Bom",(IF(T89>X89,"Desempenho Médio",IF(T89<=X89,"Desempenho Deficitário",0)))))) -> #DIV/0! | V89: =V77 -> #DIV/0! | W89: =W77 -> #DIV/0! | X89: =X77 -> #DIV/0! | Y89: =Y77 -> #DIV/0! | Z89: =Z77 -> #DIV/0!
A90: CASP Jr. - Assessoria em Automação | B90: =_xlfn.IFS(C90="Janeiro",1,C90="Fevereiro",2,C90="Março",3,C90="Abril",4,C90="Maio",5,C90="Junho",6,C90="Julho",7,C90="Agosto",8,C90="Setembro",9,C90="Outubro",10,C90="Novembro",11,C90="Dezembro",12,TRUE,0) -> 5 | C90: Maio | D90: 75 | E90: 11 | F90: =E90/D90 -> 0.14666667 | G90: =IF(F90>=I90,"Desempenho Ótimo",(IF(F90>H90,"Desempenho Bom",(IF(F90>J90,"Desempenho Médio",IF(F90<=J90,"Desempenho Deficitário",0)))))) -> #DIV/0! | H90: =H78 -> #DIV/0! | I90: =I78 -> #DIV/0! | J90: =J78 -> #DIV/0! | K90: 9000 | L90: ='Monitoramento Acumulado Geral'!Q90 -> 0 | M90: =(SUM(L86:L90))/K89 -> 0.066666667 | N90: =IF(M90>=P78,"Desempenho Ótimo",(IF(M90>O78,"Desempenho Bom",(IF(M90>Q78,"Desempenho Médio",IF(M90<=Q78,"Desempenho Deficitário",0)))))) -> #DIV/0! | O90: =O78 -> #DIV/0! | P90: =P78 -> #DIV/0! | Q90: =Q78 -> #DIV/0! | R90: 35 | S90: 53 | T90: =S90/R90 -> 1.5142857 | U90: =IF(T90>=W90,"Desempenho Ótimo",(IF(T90>V90,"Desempenho Bom",(IF(T90>X90,"Desempenho Médio",IF(T90<=X90,"Desempenho Deficitário",0)))))) -> #DIV/0! | V90: =V78 -> #DIV/0! | W90: =W78 -> #DIV/0! | X90: =X78 -> #DIV/0! | Y90: =Y78 -> #DIV/0! | Z90: =Z78 -> #DIV/0!
A91: CASP Jr. - Assessoria em Automação | B91: =_xlfn.IFS(C91="Janeiro",1,C91="Fevereiro",2,C91="Março",3,C91="Abril",4,C91="Maio",5,C91="Junho",6,C91="Julho",7,C91="Agosto",8,C91="Setembro",9,C91="Outubro",10,C91="Novembro",11,C91="Dezembro",12,TRUE,0) -> 6 | C91: Junho | D91: 75 | E91: 11 | F91: =E91/D91 -> 0.14666667 | G91: =IF(F91>=I91,"Desempenho Ótimo",(IF(F91>H91,"Desempenho Bom",(IF(F91>J91,"Desempenho Médio",IF(F91<=J91,"Desempenho Deficitário",0)))))) -> #DIV/0! | H91: =H79 -> #DIV/0! | I91: =I79 -> #DIV/0! | J91: =J79 -> #DIV/0! | K91: 9000 | L91: ='Monitoramento Acumulado Geral'!Q91 -> 0 | M91: =(SUM(L86:L91))/K90 -> 0.066666667 | N91: =IF(M91>=P79,"Desempenho Ótimo",(IF(M91>O79,"Desempenho Bom",(IF(M91>Q79,"Desempenho Médio",IF(M91<=Q79,"Desempenho Deficitário",0)))))) -> #DIV/0! | O91: =O79 -> #DIV/0! | P91: =P79 -> #DIV/0! | Q91: =Q79 -> #DIV/0! | R91: 35 | S91: 53 | T91: =S91/R91 -> 1.5142857 | U91: =IF(T91>=W91,"Desempenho Ótimo",(IF(T91>V91,"Desempenho Bom",(IF(T91>X91,"Desempenho Médio",IF(T91<=X91,"Desempenho Deficitário",0)))))) -> #DIV/0! | V91: =V79 -> #DIV/0! | W91: =W79 -> #DIV/0! | X91: =X79 -> #DIV/0! | Y91: =Y79 -> #DIV/0! | Z91: =Z79 -> #DIV/0!
A92: CASP Jr. - Assessoria em Automação | B92: =_xlfn.IFS(C92="Janeiro",1,C92="Fevereiro",2,C92="Março",3,C92="Abril",4,C92="Maio",5,C92="Junho",6,C92="Julho",7,C92="Agosto",8,C92="Setembro",9,C92="Outubro",10,C92="Novembro",11,C92="Dezembro",12,TRUE,0) -> 7 | C92: Julho | D92: 75 | E92: 11 | F92: =E92/D92 -> 0.14666667 | G92: =IF(F92>=I92,"Desempenho Ótimo",(IF(F92>H92,"Desempenho Bom",(IF(F92>J92,"Desempenho Médio",IF(F92<=J92,"Desempenho Deficitário",0)))))) -> #DIV/0! | H92: =H80 -> #DIV/0! | I92: =I80 -> #DIV/0! | J92: =J80 -> #DIV/0! | K92: 9000 | L92: ='Monitoramento Acumulado Geral'!Q92 -> 0 | M92: =(SUM(L86:L92))/K91 -> 0.066666667 | N92: =IF(M92>=P80,"Desempenho Ótimo",(IF(M92>O80,"Desempenho Bom",(IF(M92>Q80,"Desempenho Médio",IF(M92<=Q80,"Desempenho Deficitário",0)))))) -> #DIV/0! | O92: =O80 -> #DIV/0! | P92: =P80 -> #DIV/0! | Q92: =Q80 -> #DIV/0! | R92: 35 | S92: 53 | T92: =S92/R92 -> 1.5142857 | U92: =IF(T92>=W92,"Desempenho Ótimo",(IF(T92>V92,"Desempenho Bom",(IF(T92>X92,"Desempenho Médio",IF(T92<=X92,"Desempenho Deficitário",0)))))) -> #DIV/0! | V92: =V80 -> #DIV/0! | W92: =W80 -> #DIV/0! | X92: =X80 -> #DIV/0! | Y92: =Y80 -> #DIV/0! | Z92: =Z80 -> #DIV/0!
A93: CASP Jr. - Assessoria em Automação | B93: =_xlfn.IFS(C93="Janeiro",1,C93="Fevereiro",2,C93="Março",3,C93="Abril",4,C93="Maio",5,C93="Junho",6,C93="Julho",7,C93="Agosto",8,C93="Setembro",9,C93="Outubro",10,C93="Novembro",11,C93="Dezembro",12,TRUE,0) -> 8 | C93: Agosto | D93: 75 | E93: 11 | F93: =E93/D93 -> 0.14666667 | G93: =IF(F93>=I93,"Desempenho Ótimo",(IF(F93>H93,"Desempenho Bom",(IF(F93>J93,"Desempenho Médio",IF(F93<=J93,"Desempenho Deficitário",0)))))) -> #DIV/0! | H93: =H81 -> #DIV/0! | I93: =I81 -> #DIV/0! | J93: =J81 -> #DIV/0! | K93: 9000 | L93: ='Monitoramento Acumulado Geral'!Q93 -> 0 | M93: =(SUM(L86:L93))/K92 -> 0.066666667 | N93: =IF(M93>=P81,"Desempenho Ótimo",(IF(M93>O81,"Desempenho Bom",(IF(M93>Q81,"Desempenho Médio",IF(M93<=Q81,"Desempenho Deficitário",0)))))) -> #DIV/0! | O93: =O81 -> #DIV/0! | P93: =P81 -> #DIV/0! | Q93: =Q81 -> #DIV/0! | R93: 35 | S93: 53 | T93: =S93/R93 -> 1.5142857 | U93: =IF(T93>=W93,"Desempenho Ótimo",(IF(T93>V93,"Desempenho Bom",(IF(T93>X93,"Desempenho Médio",IF(T93<=X93,"Desempenho Deficitário",0)))))) -> #DIV/0! | V93: =V81 -> #DIV/0! | W93: =W81 -> #DIV/0! | X93: =X81 -> #DIV/0! | Y93: =Y81 -> #DIV/0! | Z93: =Z81 -> #DIV/0!
A94: CASP Jr. - Assessoria em Automação | B94: =_xlfn.IFS(C94="Janeiro",1,C94="Fevereiro",2,C94="Março",3,C94="Abril",4,C94="Maio",5,C94="Junho",6,C94="Julho",7,C94="Agosto",8,C94="Setembro",9,C94="Outubro",10,C94="Novembro",11,C94="Dezembro",12,TRUE,0) -> 9 | C94: Setembro | D94: 75 | E94: 11 | F94: =E94/D94 -> 0.14666667 | G94: =IF(F94>=I94,"Desempenho Ótimo",(IF(F94>H94,"Desempenho Bom",(IF(F94>J94,"Desempenho Médio",IF(F94<=J94,"Desempenho Deficitário",0)))))) -> #DIV/0! | H94: =H82 -> #DIV/0! | I94: =I82 -> #DIV/0! | J94: =J82 -> #DIV/0! | K94: 9000 | L94: ='Monitoramento Acumulado Geral'!Q94 -> 0 | M94: =(SUM(L86:L94))/K93 -> 0.066666667 | N94: =IF(M94>=P82,"Desempenho Ótimo",(IF(M94>O82,"Desempenho Bom",(IF(M94>Q82,"Desempenho Médio",IF(M94<=Q82,"Desempenho Deficitário",0)))))) -> #DIV/0! | O94: =O82 -> #DIV/0! | P94: =P82 -> #DIV/0! | Q94: =Q82 -> #DIV/0! | R94: 35 | S94: 57 | T94: =S94/R94 -> 1.6285714 | U94: =IF(T94>=W94,"Desempenho Ótimo",(IF(T94>V94,"Desempenho Bom",(IF(T94>X94,"Desempenho Médio",IF(T94<=X94,"Desempenho Deficitário",0)))))) -> #DIV/0! | V94: =V82 -> #DIV/0! | W94: =W82 -> #DIV/0! | X94: =X82 -> #DIV/0! | Y94: =Y82 -> #DIV/0! | Z94: =Z82 -> #DIV/0!
A95: CASP Jr. - Assessoria em Automação | B95: =_xlfn.IFS(C95="Janeiro",1,C95="Fevereiro",2,C95="Março",3,C95="Abril",4,C95="Maio",5,C95="Junho",6,C95="Julho",7,C95="Agosto",8,C95="Setembro",9,C95="Outubro",10,C95="Novembro",11,C95="Dezembro",12,TRUE,0) -> 10 | C95: Outubro | D95: 75 | E95: 11 | F95: =E95/D95 -> 0.14666667 | G95: =IF(F95>=I95,"Desempenho Ótimo",(IF(F95>H95,"Desempenho Bom",(IF(F95>J95,"Desempenho Médio",IF(F95<=J95,"Desempenho Deficitário",0)))))) -> #DIV/0! | H95: =H83 -> #DIV/0! | I95: =I83 -> #DIV/0! | J95: =J83 -> #DIV/0! | K95: 9000 | L95: ='Monitoramento Acumulado Geral'!Q95 -> 0 | M95: =(SUM(L86:L95))/K94 -> 0.066666667 | N95: =IF(M95>=P83,"Desempenho Ótimo",(IF(M95>O83,"Desempenho Bom",(IF(M95>Q83,"Desempenho Médio",IF(M95<=Q83,"Desempenho Deficitário",0)))))) -> #DIV/0! | O95: =O83 -> #DIV/0! | P95: =P83 -> #DIV/0! | Q95: =Q83 -> #DIV/0! | R95: 35 | S95: 57 | T95: =S95/R95 -> 1.6285714 | U95: =IF(T95>=W95,"Desempenho Ótimo",(IF(T95>V95,"Desempenho Bom",(IF(T95>X95,"Desempenho Médio",IF(T95<=X95,"Desempenho Deficitário",0)))))) -> #DIV/0! | V95: =V83 -> #DIV/0! | W95: =W83 -> #DIV/0! | X95: =X83 -> #DIV/0! | Y95: =Y83 -> #DIV/0! | Z95: =Z83 -> #DIV/0!
A96: CASP Jr. - Assessoria em Automação | B96: =_xlfn.IFS(C96="Janeiro",1,C96="Fevereiro",2,C96="Março",3,C96="Abril",4,C96="Maio",5,C96="Junho",6,C96="Julho",7,C96="Agosto",8,C96="Setembro",9,C96="Outubro",10,C96="Novembro",11,C96="Dezembro",12,TRUE,0) -> 11 | C96: Novembro | D96: 75 | E96: 0 | F96: =E96/D96 -> 0 | G96: =IF(F96>=I96,"Desempenho Ótimo",(IF(F96>H96,"Desempenho Bom",(IF(F96>J96,"Desempenho Médio",IF(F96<=J96,"Desempenho Deficitário",0)))))) -> #DIV/0! | H96: =H84 -> #DIV/0! | I96: =I84 -> #DIV/0! | J96: =J84 -> #DIV/0! | K96: 9000 | L96: ='Monitoramento Acumulado Geral'!Q96 -> 0 | M96: =(SUM(L86:L96))/K95 -> 0.066666667 | N96: =IF(M96>=P84,"Desempenho Ótimo",(IF(M96>O84,"Desempenho Bom",(IF(M96>Q84,"Desempenho Médio",IF(M96<=Q84,"Desempenho Deficitário",0)))))) -> #DIV/0! | O96: =O84 -> #DIV/0! | P96: =P84 -> #DIV/0! | Q96: =Q84 -> #DIV/0! | R96: 35 | S96: 0 | T96: =S96/R96 -> 0 | U96: =IF(T96>=W96,"Desempenho Ótimo",(IF(T96>V96,"Desempenho Bom",(IF(T96>X96,"Desempenho Médio",IF(T96<=X96,"Desempenho Deficitário",0)))))) -> #DIV/0! | V96: =V84 -> #DIV/0! | W96: =W84 -> #DIV/0! | X96: =X84 -> #DIV/0! | Y96: =Y84 -> #DIV/0! | Z96: =Z84 -> #DIV/0!
A97: CASP Jr. - Assessoria em Automação | B97: =_xlfn.IFS(C97="Janeiro",1,C97="Fevereiro",2,C97="Março",3,C97="Abril",4,C97="Maio",5,C97="Junho",6,C97="Julho",7,C97="Agosto",8,C97="Setembro",9,C97="Outubro",10,C97="Novembro",11,C97="Dezembro",12,TRUE,0) -> 12 | C97: Dezembro | D97: 75 | E97: 0 | F97: =E97/D97 -> 0 | G97: =IF(F97>=I97,"Desempenho Ótimo",(IF(F97>H97,"Desempenho Bom",(IF(F97>J97,"Desempenho Médio",IF(F97<=J97,"Desempenho Deficitário",0)))))) -> #DIV/0! | H97: =H85 -> #DIV/0! | I97: =I85 -> #DIV/0! | J97: =J85 -> #DIV/0! | K97: 9000 | L97: ='Monitoramento Acumulado Geral'!Q97 -> 0 | M97: =(SUM(L86:L97))/K96 -> 0.066666667 | N97: =IF(M97>=P85,"Desempenho Ótimo",(IF(M97>O85,"Desempenho Bom",(IF(M97>Q85,"Desempenho Médio",IF(M97<=Q85,"Desempenho Deficitário",0)))))) -> #DIV/0! | O97: =O85 -> #DIV/0! | P97: =P85 -> #DIV/0! | Q97: =Q85 -> #DIV/0! | R97: 35 | S97: 0 | T97: =S97/R97 -> 0 | U97: =IF(T97>=W97,"Desempenho Ótimo",(IF(T97>V97,"Desempenho Bom",(IF(T97>X97,"Desempenho Médio",IF(T97<=X97,"Desempenho Deficitário",0)))))) -> #DIV/0! | V97: =V85 -> #DIV/0! | W97: =W85 -> #DIV/0! | X97: =X85 -> #DIV/0! | Y97: =Y85 -> #DIV/0! | Z97: =Z85 -> #DIV/0!
A98: CATALISA - Soluções em Engenharia Química | B98: =_xlfn.IFS(C98="Janeiro",1,C98="Fevereiro",2,C98="Março",3,C98="Abril",4,C98="Maio",5,C98="Junho",6,C98="Julho",7,C98="Agosto",8,C98="Setembro",9,C98="Outubro",10,C98="Novembro",11,C98="Dezembro",12,TRUE,0) -> 1 | C98: Janeiro | D98: 75 | E98: 0 | F98: =E98/D98 -> 0 | G98: =IF(F98>=I98,"Desempenho Ótimo",(IF(F98>H98,"Desempenho Bom",(IF(F98>J98,"Desempenho Médio",IF(F98<=J98,"Desempenho Deficitário",0)))))) -> #DIV/0! | H98: =H86 -> #DIV/0! | I98: =I86 -> #DIV/0! | J98: =J86 -> #DIV/0! | K98: 100000 | L98: ='Monitoramento Acumulado Geral'!Q98 -> 0 | M98: =L98/K98 -> 0 | N98: =IF(M98>=P86,"Desempenho Ótimo",(IF(M98>O86,"Desempenho Bom",(IF(M98>Q86,"Desempenho Médio",IF(M98<=Q86,"Desempenho Deficitário",0)))))) -> #DIV/0! | O98: =O86 -> #DIV/0! | P98: =P86 -> #DIV/0! | Q98: =Q86 -> #DIV/0! | R98: 80 | S98: 0 | T98: =S98/R98 -> 0 | U98: =IF(T98>=W98,"Desempenho Ótimo",(IF(T98>V98,"Desempenho Bom",(IF(T98>X98,"Desempenho Médio",IF(T98<=X98,"Desempenho Deficitário",0)))))) -> #DIV/0! | V98: =V86 -> #DIV/0! | W98: =W86 -> #DIV/0! | X98: =X86 -> #DIV/0! | Y98: =Y86 -> #DIV/0! | Z98: =Z86 -> #DIV/0!
A99: CATALISA - Soluções em Engenharia Química | B99: =_xlfn.IFS(C99="Janeiro",1,C99="Fevereiro",2,C99="Março",3,C99="Abril",4,C99="Maio",5,C99="Junho",6,C99="Julho",7,C99="Agosto",8,C99="Setembro",9,C99="Outubro",10,C99="Novembro",11,C99="Dezembro",12,TRUE,0) -> 2 | C99: Fevereiro | D99: 75 | E99: 9 | F99: =E99/D99 -> 0.12 | G99: =IF(F99>=I99,"Desempenho Ótimo",(IF(F99>H99,"Desempenho Bom",(IF(F99>J99,"Desempenho Médio",IF(F99<=J99,"Desempenho Deficitário",0)))))) -> #DIV/0! | H99: =H87 -> #DIV/0! | I99: =I87 -> #DIV/0! | J99: =J87 -> #DIV/0! | K99: 100000 | L99: ='Monitoramento Acumulado Geral'!Q99 -> 4750 | M99: =(SUM(L98:L99))/K98 -> 0.0475 | N99: =IF(M99>=P87,"Desempenho Ótimo",(IF(M99>O87,"Desempenho Bom",(IF(M99>Q87,"Desempenho Médio",IF(M99<=Q87,"Desempenho Deficitário",0)))))) -> #DIV/0! | O99: =O87 -> #DIV/0! | P99: =P87 -> #DIV/0! | Q99: =Q87 -> #DIV/0! | R99: 80 | S99: 0 | T99: =S99/R99 -> 0 | U99: =IF(T99>=W99,"Desempenho Ótimo",(IF(T99>V99,"Desempenho Bom",(IF(T99>X99,"Desempenho Médio",IF(T99<=X99,"Desempenho Deficitário",0)))))) -> #DIV/0! | V99: =V87 -> #DIV/0! | W99: =W87 -> #DIV/0! | X99: =X87 -> #DIV/0! | Y99: =Y87 -> #DIV/0! | Z99: =Z87 -> #DIV/0!
A100: CATALISA - Soluções em Engenharia Química | B100: =_xlfn.IFS(C100="Janeiro",1,C100="Fevereiro",2,C100="Março",3,C100="Abril",4,C100="Maio",5,C100="Junho",6,C100="Julho",7,C100="Agosto",8,C100="Setembro",9,C100="Outubro",10,C100="Novembro",11,C100="Dezembro",12,TRUE,0) -> 3 | C100: Março | D100: 75 | E100: 9 | F100: =E100/D100 -> 0.12 | G100: =IF(F100>=I100,"Desempenho Ótimo",(IF(F100>H100,"Desempenho Bom",(IF(F100>J100,"Desempenho Médio",IF(F100<=J100,"Desempenho Deficitário",0)))))) -> #DIV/0! | H100: =H88 -> #DIV/0! | I100: =I88 -> #DIV/0! | J100: =J88 -> #DIV/0! | K100: 100000 | L100: ='Monitoramento Acumulado Geral'!Q100 -> 0 | M100: =(SUM(L98:L100))/K99 -> 0.0475 | N100: =IF(M100>=P88,"Desempenho Ótimo",(IF(M100>O88,"Desempenho Bom",(IF(M100>Q88,"Desempenho Médio",IF(M100<=Q88,"Desempenho Deficitário",0)))))) -> #DIV/0! | O100: =O88 -> #DIV/0! | P100: =P88 -> #DIV/0! | Q100: =Q88 -> #DIV/0! | R100: 80 | S100: 0 | T100: =S100/R100 -> 0 | U100: =IF(T100>=W100,"Desempenho Ótimo",(IF(T100>V100,"Desempenho Bom",(IF(T100>X100,"Desempenho Médio",IF(T100<=X100,"Desempenho Deficitário",0)))))) -> #DIV/0! | V100: =V88 -> #DIV/0! | W100: =W88 -> #DIV/0! | X100: =X88 -> #DIV/0! | Y100: =Y88 -> #DIV/0! | Z100: =Z88 -> #DIV/0!
...

Sheet Cálculo Banda Part. Event.
A1: Mês | B1: AJTAL - ASSOCIAÇÃO JÚNIOR DE TECNÓLOGOS EM ALIMENTOS CONSULTORIA E PROJETOS | C1: Atena Consultoria Jr. | D1: Atlântica Consultoria Internacional | E1: Automatiza Júnior | F1: Base Júnior | G1: Byte Jr. | H1: Caduceu Júnior | I1: CASP Jr. - Assessoria em Automação | J1: CATALISA - Soluções em Engenharia Química | K1: CEANUT | L1: Cincolinha Jr | M1: CompAct Jr | N1: CPEn Jr | O1: Eali Consultoria Junior em Engenharia de Alimentos | P1: ECAPE - EMPRESA JÚNIOR DE CONSULTORIA AGROPECUÁRIA E PLANEJAMENTO ESTRATÉGICO | Q1: EcoLógica Jr. | R1: EJECiv - Arquitetura e Engenharia Civil | S1: EJMinas | T1: EME Jr. | U1: Empresa Jr. ESPM | V1: Empresa Júnior IDE | W1: Enfitec Júnior | X1: EngerSolution Consultoria Jr. | Y1: EPR Consultoria | Z1: Equilíbrio Assessoria Econômica | AA1: Escritório Júnior Ruy Cirne Lima | AB1: Exata Consultoria Junior | AC1: F5 Junior - Consultoria Internacional | AD1: Faísca Design Júnior | AE1: Floresta Jr - Consultoria e Planejamento Ambiental e Florestal | AF1: Global Jr. | AG1: HidroLógica - Desenvolvimento em Engenharia Hídrica | AH1: Hórus Júnior - Assessoria Contábil | AI1: INOVA JÚNIOR | AJ1: ITEP Jr | AK1: MAC Alimentos | AL1: Mandala Soluções em Engenharia Ambiental | AM1: MASE Jr. | AN1: Mederi Jr | AO1: Motora Junior Empresa de Consultoria | AP1: MOVA | AQ1: NutriAção | AR1: OBJETIVA JR | AS1: Opus Consultoria Júnior | AT1: OTMZA Assessoria em Engenharia | AU1: Pampec Jr. | AV1: Petra Jr. | AW1: Phi Consultoria | AX1: Projep Jr. | AY1: Projetar Empresa Júnior de Desenho Industrial | AZ1: PS Júnior | BA1: Quimlabor Jr. | BB1: Renova Jr. | BC1: RENOVE JR. SOLUÇÕES AMBIENTAIS | BD1: SGPampa Jr. | BE1: Sigma Júnior Consultoria Estatística | BF1: Sinc | BG1: TecAli Júnior | BH1: TechVet Júnior | BI1: UCS Empresa Júnior | BJ1: UPgrade Consultoria Jr. | BK1: Visão Júnior | BL1: Zoo Techne Jr. | BM1: Média(Mensal) | BN1: Banda Superior (Mensal) | BO1: Banda Inferior (Mensal) | BP1: Desvio Padrão
A2: Janeiro | B2: =Indicadores!$T2 -> #DIV/0! | C2: =Indicadores!T14 -> 0 | D2: =Indicadores!$T26 -> 0 | E2: =Indicadores!$T38 -> 0.1375 | F2: =Indicadores!$T50 -> 0.2125 | G2: =Indicadores!$T62 -> 0 | H2: =Indicadores!$T74 -> 0.1125 | I2: =Indicadores!$T86 -> 0 | J2: =Indicadores!T$98 -> 0 | K2: =Indicadores!$T110 -> 0.1625 | L2: =Indicadores!$T122 -> #DIV/0! | M2: =Indicadores!$T134 -> 0.33783784 | N2: =Indicadores!$T146 -> 0 | O2: =Indicadores!$T158 -> 0 | P2: =Indicadores!$T170 -> 0 | Q2: =Indicadores!$T182 -> 0 | R2: =Indicadores!T194 -> 0 | S2: =Indicadores!T206 -> 0 | T2: =Indicadores!T218 -> 0.16883117 | U2: =Indicadores!$T230 -> 0.2 | V2: =Indicadores!$T242 -> 0 | W2: =Indicadores!$T254 -> 0 | X2: =Indicadores!$T266 -> #DIV/0! | Y2: =Indicadores!$T278 -> 0.1625 | Z2: =Indicadores!$T290 -> 0 | AA2: =Indicadores!$T302 -> #DIV/0! | AB2: =Indicadores!$T314 -> 0 | AC2: =Indicadores!$T326 -> 0 | AD2: =Indicadores!$T338 -> 0 | AE2: =Indicadores!$T350 -> 0 | AF2: =Indicadores!$T362 -> 0 | AG2: =Indicadores!$T374 -> 0 | AH2: =Indicadores!$T386 -> 0.25581395 | AI2: =Indicadores!$T398 -> 0 | AJ2: =Indicadores!$T410 -> 0.0875 | AK2: =Indicadores!$T422 -> 0 | AL2: =Indicadores!$T434 -> 0 | AM2: =Indicadores!$T446 -> #DIV/0! | AN2: =Indicadores!$T458 -> #DIV/0! | AO2: =Indicadores!$T470 -> 0 | AP2: =Indicadores!$T482 -> 0 | AQ2: =Indicadores!$T494 -> 0 | AR2: =Indicadores!$T506 -> 0.3375 | AS2: =Indicadores!$T518 -> 0 | AT2: =Indicadores!$T530 -> 0 | AU2: =Indicadores!$T542 -> 0 | AV2: =Indicadores!$T554 -> 0 | AW2: =Indicadores!$T566 -> 0.35714286 | AX2: =Indicadores!$T578 -> 0 | AY2: =Indicadores!$T590 -> 0 | AZ2: =Indicadores!$T602 -> 0.2375 | BA2: =Indicadores!$T614 -> 0 | BB2: =Indicadores!$T626 -> #DIV/0! | BC2: =Indicadores!$T638 -> 0 | BD2: =Indicadores!$T650 -> 0 | BE2: =Indicadores!$T662 -> 0 | BF2: =Indicadores!$T674 -> 0 | BG2: =Indicadores!$T686 -> #DIV/0! | BH2: =Indicadores!$T698 -> 0 | BI2: =Indicadores!$T710 -> 0 | BJ2: =Indicadores!$T722 -> 0 | BK2: =Indicadores!$T734 -> 0 | BL2: =Indicadores!$T746 -> #DIV/0! | BM2: =AVERAGE(B2:BL2) -> #DIV/0! | BN2: =BM2+BP2 -> #DIV/0! | BO2: =BM2-BP2 -> #DIV/0! | BP2: =STDEV(B2:BL2) -> #DIV/0!
A3: Fevereiro | B3: =Indicadores!$T3 -> #DIV/0! | C3: =Indicadores!T15 -> 0 | D3: =Indicadores!$T27 -> 0 | E3: =Indicadores!$T39 -> 0.1375 | F3: =Indicadores!$T51 -> 0.2125 | G3: =Indicadores!$T63 -> 0 | H3: =Indicadores!$T75 -> 0.1125 | I3: =Indicadores!$T87 -> 0 | J3: =Indicadores!T$98 -> 0 | K3: =Indicadores!$T111 -> 0.1625 | L3: =Indicadores!$T123 -> #DIV/0! | M3: =Indicadores!$T135 -> 0.33783784 | N3: =Indicadores!$T147 -> 0 | O3: =Indicadores!$T159 -> 0 | P3: =Indicadores!$T171 -> 0 | Q3: =Indicadores!$T183 -> 0 | R3: =Indicadores!T195 -> 0 | S3: =Indicadores!T207 -> 0 | T3: =Indicadores!T219 -> 0.16883117 | U3: =Indicadores!$T231 -> 0.2 | V3: =Indicadores!$T243 -> 0 | W3: =Indicadores!$T255 -> 0 | X3: =Indicadores!$T267 -> #DIV/0! | Y3: =Indicadores!$T279 -> 0.1625 | Z3: =Indicadores!$T291 -> 0 | AA3: =Indicadores!$T303 -> #DIV/0! | AB3: =Indicadores!$T315 -> 0 | AC3: =Indicadores!$T327 -> 0 | AD3: =Indicadores!$T339 -> 0 | AE3: =Indicadores!$T351 -> 0 | AF3: =Indicadores!$T363 -> 0 | AG3: =Indicadores!$T375 -> 0 | AH3: =Indicadores!$T387 -> 0.25581395 | AI3: =Indicadores!$T399 -> 0 | AJ3: =Indicadores!$T411 -> 0.0875 | AK3: =Indicadores!$T423 -> 0 | AL3: =Indicadores!$T435 -> 0 | AM3: =Indicadores!$T447 -> #DIV/0! | AN3: =Indicadores!$T459 -> #DIV/0! | AO3: =Indicadores!$T471 -> 0 | AP3: =Indicadores!$T483 -> 0 | AQ3: =Indicadores!$T495 -> 0 | AR3: =Indicadores!$T507 -> 0.3375 | AS3: =Indicadores!$T519 -> 0 | AT3: =Indicadores!$T531 -> 0 | AU3: =Indicadores!$T543 -> 0 | AV3: =Indicadores!$T555 -> 0 | AW3: =Indicadores!$T567 -> 0.35714286 | AX3: =Indicadores!$T579 -> 0 | AY3: =Indicadores!$T591 -> 0 | AZ3: =Indicadores!$T603 -> 0.2375 | BA3: =Indicadores!$T615 -> 0 | BB3: =Indicadores!$T627 -> #DIV/0! | BC3: =Indicadores!$T639 -> 0 | BD3: =Indicadores!$T651 -> 0 | BE3: =Indicadores!$T663 -> 0 | BF3: =Indicadores!$T675 -> 0 | BG3: =Indicadores!$T687 -> #DIV/0! | BH3: =Indicadores!$T699 -> 0 | BI3: =Indicadores!$T711 -> 0 | BJ3: =Indicadores!$T723 -> 0 | BK3: =Indicadores!$T735 -> 0 | BL3: =Indicadores!$T747 -> #DIV/0! | BM3: =AVERAGE(B3:BL3) -> #DIV/0! | BN3: =BM3+BP3 -> #DIV/0! | BO3: =BM3-BP3 -> #DIV/0! | BP3: =STDEV(B3:BL3) -> #DIV/0!
A4: Março | B4: =Indicadores!$T4 -> #DIV/0! | C4: =Indicadores!T16 -> 0 | D4: =Indicadores!$T28 -> 0 | E4: =Indicadores!$T40 -> 0.1375 | F4: =Indicadores!$T52 -> 0.2125 | G4: =Indicadores!$T64 -> 0 | H4: =Indicadores!$T76 -> 0.1125 | I4: =Indicadores!$T88 -> 0 | J4: =Indicadores!T$98 -> 0 | K4: =Indicadores!$T112 -> 0.1625 | L4: =Indicadores!$T124 -> #DIV/0! | M4: =Indicadores!$T136 -> 0.33783784 | N4: =Indicadores!$T148 -> 0 | O4: =Indicadores!$T160 -> 0 | P4: =Indicadores!$T172 -> 0 | Q4: =Indicadores!$T184 -> 0 | R4: =Indicadores!T196 -> 0 | S4: =Indicadores!T208 -> 0 | T4: =Indicadores!T220 -> 0.16883117 | U4: =Indicadores!$T232 -> 0.2 | V4: =Indicadores!$T244 -> 0 | W4: =Indicadores!$T256 -> 0 | X4: =Indicadores!$T268 -> #DIV/0! | Y4: =Indicadores!$T280 -> 0.1625 | Z4: =Indicadores!$T292 -> 0 | AA4: =Indicadores!$T304 -> #DIV/0! | AB4: =Indicadores!$T316 -> 0 | AC4: =Indicadores!$T328 -> 0 | AD4: =Indicadores!$T340 -> 0 | AE4: =Indicadores!$T352 -> 0 | AF4: =Indicadores!$T364 -> 0 | AG4: =Indicadores!$T376 -> 0 | AH4: =Indicadores!$T388 -> 0.25581395 | AI4: =Indicadores!$T400 -> 0 | AJ4: =Indicadores!$T412 -> 0.0875 | AK4: =Indicadores!$T424 -> 0 | AL4: =Indicadores!$T436 -> 0 | AM4: =Indicadores!$T448 -> #DIV/0! | AN4: =Indicadores!$T460 -> #DIV/0! | AO4: =Indicadores!$T472 -> 0 | AP4: =Indicadores!$T484 -> 0 | AQ4: =Indicadores!$T496 -> 0 | AR4: =Indicadores!$T508 -> 0.3375 | AS4: =Indicadores!$T520 -> 0 | AT4: =Indicadores!$T532 -> 0 | AU4: =Indicadores!$T544 -> 0 | AV4: =Indicadores!$T556 -> 0 | AW4: =Indicadores!$T568 -> 0.35714286 | AX4: =Indicadores!$T580 -> 0 | AY4: =Indicadores!$T592 -> 0 | AZ4: =Indicadores!$T604 -> 0.2375 | BA4: =Indicadores!$T616 -> 0 | BB4: =Indicadores!$T628 -> #DIV/0! | BC4: =Indicadores!$T640 -> 0 | BD4: =Indicadores!$T652 -> 0 | BE4: =Indicadores!$T664 -> 0 | BF4: =Indicadores!$T676 -> 0 | BG4: =Indicadores!$T688 -> #DIV/0! | BH4: =Indicadores!$T700 -> 0 | BI4: =Indicadores!$T712 -> 0 | BJ4: =Indicadores!$T724 -> 0 | BK4: =Indicadores!$T736 -> 0 | BL4: =Indicadores!$T748 -> #DIV/0! | BM4: =AVERAGE(B4:BL4) -> #DIV/0! | BN4: =BM4+BP4 -> #DIV/0! | BO4: =BM4-BP4 -> #DIV/0! | BP4: =STDEV(B4:BL4) -> #DIV/0!
A5: Abril | B5: =Indicadores!$T5 -> #DIV/0! | C5: =Indicadores!T17 -> 0 | D5: =Indicadores!$T29 -> 0 | E5: =Indicadores!$T41 -> 0.1375 | F5: =Indicadores!$T53 -> 0.2125 | G5: =Indicadores!$T65 -> 0 | H5: =Indicadores!$T77 -> 0.1125 | I5: =Indicadores!$T89 -> 0 | J5: =Indicadores!T$98 -> 0 | K5: =Indicadores!$T113 -> 0.1625 | L5: =Indicadores!$T125 -> #DIV/0! | M5: =Indicadores!$T137 -> 0.33783784 | N5: =Indicadores!$T149 -> 0 | O5: =Indicadores!$T161 -> 0 | P5: =Indicadores!$T173 -> 0 | Q5: =Indicadores!$T185 -> 0 | R5: =Indicadores!T197 -> 0 | S5: =Indicadores!T209 -> 0 | T5: =Indicadores!T221 -> 0.16883117 | U5: =Indicadores!$T233 -> 0.2 | V5: =Indicadores!$T245 -> 0 | W5: =Indicadores!$T257 -> 0 | X5: =Indicadores!$T269 -> #DIV/0! | Y5: =Indicadores!$T281 -> 0.1625 | Z5: =Indicadores!$T293 -> 0 | AA5: =Indicadores!$T305 -> #DIV/0! | AB5: =Indicadores!$T317 -> 0 | AC5: =Indicadores!$T329 -> 0 | AD5: =Indicadores!$T341 -> 0 | AE5: =Indicadores!$T353 -> 0 | AF5: =Indicadores!$T365 -> 0 | AG5: =Indicadores!$T377 -> 0 | AH5: =Indicadores!$T389 -> 0.25581395 | AI5: =Indicadores!$T401 -> 0 | AJ5: =Indicadores!$T413 -> 0.0875 | AK5: =Indicadores!$T425 -> 0 | AL5: =Indicadores!$T437 -> 0 | AM5: =Indicadores!$T449 -> #DIV/0! | AN5: =Indicadores!$T461 -> #DIV/0! | AO5: =Indicadores!$T473 -> 0 | AP5: =Indicadores!$T485 -> 0 | AQ5: =Indicadores!$T497 -> 0 | AR5: =Indicadores!$T509 -> 0.3375 | AS5: =Indicadores!$T521 -> 0 | AT5: =Indicadores!$T533 -> 0 | AU5: =Indicadores!$T545 -> 0 | AV5: =Indicadores!$T557 -> 0 | AW5: =Indicadores!$T569 -> 0.35714286 | AX5: =Indicadores!$T581 -> 0 | AY5: =Indicadores!$T593 -> 0 | AZ5: =Indicadores!$T605 -> 0.2375 | BA5: =Indicadores!$T617 -> 0 | BB5: =Indicadores!$T629 -> #DIV/0! | BC5: =Indicadores!$T641 -> 0 | BD5: =Indicadores!$T653 -> 0 | BE5: =Indicadores!$T665 -> 0 | BF5: =Indicadores!$T677 -> 0 | BG5: =Indicadores!$T689 -> #DIV/0! | BH5: =Indicadores!$T701 -> 0 | BI5: =Indicadores!$T713 -> 0 | BJ5: =Indicadores!$T725 -> 0 | BK5: =Indicadores!$T737 -> 0 | BL5: =Indicadores!$T749 -> #DIV/0! | BM5: =AVERAGE(B5:BL5) -> #DIV/0! | BN5: =BM5+BP5 -> #DIV/0! | BO5: =BM5-BP5 -> #DIV/0! | BP5: =STDEV(B5:BL5) -> #DIV/0!
A6: Maio | B6: =Indicadores!$T6 -> #DIV/0! | C6: =Indicadores!T18 -> 1.25 | D6: =Indicadores!$T30 -> 0.6 | E6: =Indicadores!$T42 -> 0.6625 | F6: =Indicadores!$T54 -> 1.2125 | G6: =Indicadores!$T66 -> 0 | H6: =Indicadores!$T78 -> 0.4375 | I6: =Indicadores!$T90 -> 1.5142857 | J6: =Indicadores!T$98 -> 0 | K6: =Indicadores!$T114 -> 0.325 | L6: =Indicadores!$T126 -> #DIV/0! | M6: =Indicadores!$T138 -> 0.81081081 | N6: =Indicadores!$T150 -> 1.42 | O6: =Indicadores!$T162 -> 0.7 | P6: =Indicadores!$T174 -> 0.56 | Q6: =Indicadores!$T186 -> 0.4 | R6: =Indicadores!T198 -> 0 | S6: =Indicadores!T210 -> 0.7037037 | T6: =Indicadores!T222 -> 0.53246753 | U6: =Indicadores!$T234 -> 0.7125 | V6: =Indicadores!$T246 -> 0 | W6: =Indicadores!$T258 -> 0 | X6: =Indicadores!$T270 -> #DIV/0! | Y6: =Indicadores!$T282 -> 0.8375 | Z6: =Indicadores!$T294 -> 0.0375 | AA6: =Indicadores!$T306 -> #DIV/0! | AB6: =Indicadores!$T318 -> 1.7714286 | AC6: =Indicadores!$T330 -> 1.4925373 | AD6: =Indicadores!$T342 -> 0.21518987 | AE6: =Indicadores!$T354 -> 0.29411765 | AF6: =Indicadores!$T366 -> 0.085714286 | AG6: =Indicadores!$T378 -> 0 | AH6: =Indicadores!$T390 -> 0.76744186 | AI6: =Indicadores!$T402 -> 1 | AJ6: =Indicadores!$T414 -> 0.3 | AK6: =Indicadores!$T426 -> 0.14285714 | AL6: =Indicadores!$T438 -> 0.29333333 | AM6: =Indicadores!$T450 -> #DIV/0! | AN6: =Indicadores!$T462 -> #DIV/0! | AO6: =Indicadores!$T474 -> 0 | AP6: =Indicadores!$T486 -> 0 | AQ6: =Indicadores!$T498 -> 1.1714286 | AR6: =Indicadores!$T510 -> 0.7375 | AS6: =Indicadores!$T522 -> 1.3166667 | AT6: =Indicadores!$T534 -> 0.49367089 | AU6: =Indicadores!$T546 -> 0 | AV6: =Indicadores!$T558 -> 1.0526316 | AW6: =Indicadores!$T570 -> 0.35714286 | AX6: =Indicadores!$T582 -> 0 | AY6: =Indicadores!$T594 -> 0.625 | AZ6: =Indicadores!$T606 -> 0.4875 | BA6: =Indicadores!$T618 -> 0.39534884 | BB6: =Indicadores!$T630 -> #DIV/0! | BC6: =Indicadores!$T642 -> 0.5375 | BD6: =Indicadores!$T654 -> 0.8 | BE6: =Indicadores!$T666 -> 0 | BF6: =Indicadores!$T678 -> 0.090909091 | BG6: =Indicadores!$T690 -> #DIV/0! | BH6: =Indicadores!$T702 -> 1 | BI6: =Indicadores!$T714 -> 0.25 | BJ6: =Indicadores!$T726 -> 0 | BK6: =Indicadores!$T738 -> 0.225 | BL6: =Indicadores!$T750 -> #DIV/0! | BM6: =AVERAGE(B6:BL6) -> #DIV/0! | BN6: =BM6+BP6 -> #DIV/0! | BO6: =BM6-BP6 -> #DIV/0! | BP6: =STDEV(B6:BL6) -> #DIV/0!
A7: Junho | B7: =Indicadores!$T7 -> #DIV/0! | C7: =Indicadores!T19 -> 1.25 | D7: =Indicadores!$T31 -> 0.6 | E7: =Indicadores!$T43 -> 0.6625 | F7: =Indicadores!$T55 -> 1.2125 | G7: =Indicadores!$T67 -> 0 | H7: =Indicadores!$T79 -> 0.4375 | I7: =Indicadores!$T91 -> 1.5142857 | J7: =Indicadores!T$98 -> 0 | K7: =Indicadores!$T115 -> 0.325 | L7: =Indicadores!$T127 -> #DIV/0! | M7: =Indicadores!$T139 -> 0.81081081 | N7: =Indicadores!$T151 -> 1.42 | O7: =Indicadores!$T163 -> 0.7 | P7: =Indicadores!$T175 -> 0.56 | Q7: =Indicadores!$T187 -> 0.4 | R7: =Indicadores!T199 -> 0 | S7: =Indicadores!T211 -> 0.7037037 | T7: =Indicadores!T223 -> 0.53246753 | U7: =Indicadores!$T235 -> 0.7125 | V7: =Indicadores!$T247 -> 0 | W7: =Indicadores!$T259 -> 0 | X7: =Indicadores!$T271 -> #DIV/0! | Y7: =Indicadores!$T283 -> 0.8375 | Z7: =Indicadores!$T295 -> 0.0375 | AA7: =Indicadores!$T307 -> #DIV/0! | AB7: =Indicadores!$T319 -> 1.7714286 | AC7: =Indicadores!$T331 -> 1.4925373 | AD7: =Indicadores!$T343 -> 0.21518987 | AE7: =Indicadores!$T355 -> 0.29411765 | AF7: =Indicadores!$T367 -> 0.085714286 | AG7: =Indicadores!$T379 -> 0 | AH7: =Indicadores!$T391 -> 0.76744186 | AI7: =Indicadores!$T403 -> 1 | AJ7: =Indicadores!$T415 -> 0.3 | AK7: =Indicadores!$T427 -> 0.14285714 | AL7: =Indicadores!$T439 -> 0.29333333 | AM7: =Indicadores!$T451 -> #DIV/0! | AN7: =Indicadores!$T463 -> #DIV/0! | AO7: =Indicadores!$T475 -> 0 | AP7: =Indicadores!$T487 -> 0 | AQ7: =Indicadores!$T499 -> 1.1714286 | AR7: =Indicadores!$T511 -> 0.7375 | AS7: =Indicadores!$T523 -> 1.3166667 | AT7: =Indicadores!$T535 -> 0.49367089 | AU7: =Indicadores!$T547 -> 0 | AV7: =Indicadores!$T559 -> 1.0526316 | AW7: =Indicadores!$T571 -> 0.35714286 | AX7: =Indicadores!$T583 -> 0 | AY7: =Indicadores!$T595 -> 0.625 | AZ7: =Indicadores!$T607 -> 0.4875 | BA7: =Indicadores!$T619 -> 0.39534884 | BB7: =Indicadores!$T631 -> #DIV/0! | BC7: =Indicadores!$T643 -> 0.5375 | BD7: =Indicadores!$T655 -> 0.8 | BE7: =Indicadores!$T667 -> 0 | BF7: =Indicadores!$T679 -> 0.090909091 | BG7: =Indicadores!$T691 -> #DIV/0! | BH7: =Indicadores!$T703 -> 1 | BI7: =Indicadores!$T715 -> 0.25 | BJ7: =Indicadores!$T727 -> 0 | BK7: =Indicadores!$T739 -> 0.225 | BL7: =Indicadores!$T751 -> #DIV/0! | BM7: =AVERAGE(B7:BL7) -> #DIV/0! | BN7: =BM7+BP7 -> #DIV/0! | BO7: =BM7-BP7 -> #DIV/0! | BP7: =STDEV(B7:BL7) -> #DIV/0!
A8: Julho | B8: =Indicadores!$T8 -> #DIV/0! | C8: =Indicadores!T20 -> 1.25 | D8: =Indicadores!$T32 -> 0.6 | E8: =Indicadores!$T44 -> 0.6625 | F8: =Indicadores!$T56 -> 1.2125 | G8: =Indicadores!$T68 -> 0 | H8: =Indicadores!$T80 -> 0.4375 | I8: =Indicadores!$T92 -> 1.5142857 | J8: =Indicadores!T$98 -> 0 | K8: =Indicadores!$T116 -> 0.325 | L8: =Indicadores!$T128 -> #DIV/0! | M8: =Indicadores!$T140 -> 0.81081081 | N8: =Indicadores!$T152 -> 1.42 | O8: =Indicadores!$T164 -> 0.7 | P8: =Indicadores!$T176 -> 0.56 | Q8: =Indicadores!$T188 -> 0.4 | R8: =Indicadores!T200 -> 0 | S8: =Indicadores!T212 -> 0.7037037 | T8: =Indicadores!T224 -> 0.53246753 | U8: =Indicadores!$T236 -> 0.7125 | V8: =Indicadores!$T248 -> 0 | W8: =Indicadores!$T260 -> 0 | X8: =Indicadores!$T272 -> #DIV/0! | Y8: =Indicadores!$T284 -> 0.8375 | Z8: =Indicadores!$T296 -> 0.0375 | AA8: =Indicadores!$T308 -> #DIV/0! | AB8: =Indicadores!$T320 -> 1.7714286 | AC8: =Indicadores!$T332 -> 1.4925373 | AD8: =Indicadores!$T344 -> 0.21518987 | AE8: =Indicadores!$T356 -> 0.29411765 | AF8: =Indicadores!$T368 -> 0.085714286 | AG8: =Indicadores!$T380 -> 0 | AH8: =Indicadores!$T392 -> 0.76744186 | AI8: =Indicadores!$T404 -> 1 | AJ8: =Indicadores!$T416 -> 0.3 | AK8: =Indicadores!$T428 -> 0.14285714 | AL8: =Indicadores!$T440 -> 0.29333333 | AM8: =Indicadores!$T452 -> #DIV/0! | AN8: =Indicadores!$T464 -> #DIV/0! | AO8: =Indicadores!$T476 -> 0 | AP8: =Indicadores!$T488 -> 0 | AQ8: =Indicadores!$T500 -> 1.1714286 | AR8: =Indicadores!$T512 -> 0.7375 | AS8: =Indicadores!$T524 -> 1.3166667 | AT8: =Indicadores!$T536 -> 0.49367089 | AU8: =Indicadores!$T548 -> 0 | AV8: =Indicadores!$T560 -> 1.0526316 | AW8: =Indicadores!$T572 -> 0.35714286 | AX8: =Indicadores!$T584 -> 0 | AY8: =Indicadores!$T596 -> 0.625 | AZ8: =Indicadores!$T608 -> 0.4875 | BA8: =Indicadores!$T620 -> 0.39534884 | BB8: =Indicadores!$T632 -> #DIV/0! | BC8: =Indicadores!$T644 -> 0.5375 | BD8: =Indicadores!$T656 -> 0.8 | BE8: =Indicadores!$T668 -> 0 | BF8: =Indicadores!$T680 -> 0.090909091 | BG8: =Indicadores!$T692 -> #DIV/0! | BH8: =Indicadores!$T704 -> 1 | BI8: =Indicadores!$T716 -> 0.25 | BJ8: =Indicadores!$T728 -> 0 | BK8: =Indicadores!$T740 -> 0.225 | BL8: =Indicadores!$T752 -> #DIV/0! | BM8: =AVERAGE(B8:BL8) -> #DIV/0! | BN8: =BM8+BP8 -> #DIV/0! | BO8: =BM8-BP8 -> #DIV/0! | BP8: =STDEV(B8:BL8) -> #DIV/0!
A9: Agosto | B9: =Indicadores!$T9 -> #DIV/0! | C9: =Indicadores!T21 -> 1.25 | D9: =Indicadores!$T33 -> 0.6 | E9: =Indicadores!$T45 -> 0.6625 | F9: =Indicadores!$T57 -> 1.2125 | G9: =Indicadores!$T69 -> 0 | H9: =Indicadores!$T81 -> 0.4375 | I9: =Indicadores!$T93 -> 1.5142857 | J9: =Indicadores!T$98 -> 0 | K9: =Indicadores!$T117 -> 0.325 | L9: =Indicadores!$T129 -> #DIV/0! | M9: =Indicadores!$T141 -> 0.81081081 | N9: =Indicadores!$T153 -> 1.42 | O9: =Indicadores!$T165 -> 0.7 | P9: =Indicadores!$T177 -> 0.56 | Q9: =Indicadores!$T189 -> 0.4 | R9: =Indicadores!T201 -> 0 | S9: =Indicadores!T213 -> 0.7037037 | T9: =Indicadores!T225 -> 0.53246753 | U9: =Indicadores!$T237 -> 0.7125 | V9: =Indicadores!$T249 -> 0 | W9: =Indicadores!$T261 -> 0 | X9: =Indicadores!$T273 -> #DIV/0! | Y9: =Indicadores!$T285 -> 0.8375 | Z9: =Indicadores!$T297 -> 0.0375 | AA9: =Indicadores!$T309 -> #DIV/0! | AB9: =Indicadores!$T321 -> 1.7714286 | AC9: =Indicadores!$T333 -> 1.4925373 | AD9: =Indicadores!$T345 -> 0.21518987 | AE9: =Indicadores!$T357 -> 0.29411765 | AF9: =Indicadores!$T369 -> 0.085714286 | AG9: =Indicadores!$T381 -> 0 | AH9: =Indicadores!$T393 -> 0.76744186 | AI9: =Indicadores!$T405 -> 1 | AJ9: =Indicadores!$T417 -> 0.3 | AK9: =Indicadores!$T429 -> 0.14285714 | AL9: =Indicadores!$T441 -> 0.29333333 | AM9: =Indicadores!$T453 -> #DIV/0! | AN9: =Indicadores!$T465 -> #DIV/0! | AO9: =Indicadores!$T477 -> 0 | AP9: =Indicadores!$T489 -> 0 | AQ9: =Indicadores!$T501 -> 1.1714286 | AR9: =Indicadores!$T513 -> 0.7375 | AS9: =Indicadores!$T525 -> 1.3166667 | AT9: =Indicadores!$T537 -> 0.49367089 | AU9: =Indicadores!$T549 -> 0 | AV9: =Indicadores!$T561 -> 1.0526316 | AW9: =Indicadores!$T573 -> 0.35714286 | AX9: =Indicadores!$T585 -> 0 | AY9: =Indicadores!$T597 -> 0.625 | AZ9: =Indicadores!$T609 -> 0.4875 | BA9: =Indicadores!$T621 -> 0.39534884 | BB9: =Indicadores!$T633 -> #DIV/0! | BC9: =Indicadores!$T645 -> 0.5375 | BD9: =Indicadores!$T657 -> 0.8 | BE9: =Indicadores!$T669 -> 0 | BF9: =Indicadores!$T681 -> 0.090909091 | BG9: =Indicadores!$T693 -> #DIV/0! | BH9: =Indicadores!$T705 -> 1 | BI9: =Indicadores!$T717 -> 0.25 | BJ9: =Indicadores!$T729 -> 0 | BK9: =Indicadores!$T741 -> 0.225 | BL9: =Indicadores!$T753 -> #DIV/0! | BM9: =AVERAGE(B9:BL9) -> #DIV/0! | BN9: =BM9+BP9 -> #DIV/0! | BO9: =BM9-BP9 -> #DIV/0! | BP9: =STDEV(B9:BL9) -> #DIV/0!
A10: Setembro | B10: =Indicadores!$T10 -> #DIV/0! | C10: =Indicadores!T22 -> 1.25 | D10: =Indicadores!$T34 -> 0.6 | E10: =Indicadores!$T46 -> 0.6625 | F10: =Indicadores!$T58 -> 1.2125 | G10: =Indicadores!$T70 -> 1.0597015 | H10: =Indicadores!$T82 -> 0.4375 | I10: =Indicadores!$T94 -> 1.6285714 | J10: =Indicadores!T$98 -> 0 | K10: =Indicadores!$T118 -> 0.325 | L10: =Indicadores!$T130 -> #DIV/0! | M10: =Indicadores!$T142 -> 0.81081081 | N10: =Indicadores!$T154 -> 1.42 | O10: =Indicadores!$T166 -> 0.7 | P10: =Indicadores!$T178 -> 0.56 | Q10: =Indicadores!$T190 -> 0.4 | R10: =Indicadores!T202 -> 0 | S10: =Indicadores!T214 -> 0.7037037 | T10: =Indicadores!T226 -> 0.53246753 | U10: =Indicadores!$T238 -> 0.7125 | V10: =Indicadores!$T250 -> 0 | W10: =Indicadores!$T262 -> 0 | X10: =Indicadores!$T274 -> #DIV/0! | Y10: =Indicadores!$T286 -> 0.8375 | Z10: =Indicadores!$T298 -> 0.0375 | AA10: =Indicadores!$T310 -> #DIV/0! | AB10: =Indicadores!$T322 -> 1.7714286 | AC10: =Indicadores!$T334 -> 1.4925373 | AD10: =Indicadores!$T346 -> 0.21518987 | AE10: =Indicadores!$T358 -> 0.29411765 | AF10: =Indicadores!$T370 -> 0.085714286 | AG10: =Indicadores!$T382 -> 0 | AH10: =Indicadores!$T394 -> 0.76744186 | AI10: =Indicadores!$T406 -> 1 | AJ10: =Indicadores!$T418 -> 0.3 | AK10: =Indicadores!$T430 -> 1.1428571 | AL10: =Indicadores!$T442 -> 0.29333333 | AM10: =Indicadores!$T454 -> #DIV/0! | AN10: =Indicadores!$T466 -> #DIV/0! | AO10: =Indicadores!$T478 -> 0 | AP10: =Indicadores!$T490 -> 0 | AQ10: =Indicadores!$T502 -> 1.1714286 | AR10: =Indicadores!$T514 -> 0.7375 | AS10: =Indicadores!$T526 -> 1.3166667 | AT10: =Indicadores!$T538 -> 0.49367089 | AU10: =Indicadores!$T550 -> 0.66 | AV10: =Indicadores!$T562 -> 1.0526316 | AW10: =Indicadores!$T574 -> 1.4285714 | AX10: =Indicadores!$T586 -> 0 | AY10: =Indicadores!$T598 -> 0.625 | AZ10: =Indicadores!$T610 -> 0.4875 | BA10: =Indicadores!$T622 -> 0.39534884 | BB10: =Indicadores!$T634 -> #DIV/0! | BC10: =Indicadores!$T646 -> 0.5375 | BD10: =Indicadores!$T658 -> 0.8 | BE10: =Indicadores!$T670 -> 0 | BF10: =Indicadores!$T682 -> 0.090909091 | BG10: =Indicadores!$T694 -> #DIV/0! | BH10: =Indicadores!$T706 -> 1 | BI10: =Indicadores!$T718 -> 0.25 | BJ10: =Indicadores!$T730 -> 0 | BK10: =Indicadores!$T742 -> 0.225 | BL10: =Indicadores!$T754 -> #DIV/0! | BM10: =AVERAGE(B10:BL10) -> #DIV/0! | BN10: =BM10+BP10 -> #DIV/0! | BO10: =BM10-BP10 -> #DIV/0! | BP10: =STDEV(B10:BL10) -> #DIV/0!
A11: Outubro | B11: =Indicadores!$T11 -> #DIV/0! | C11: =Indicadores!T23 -> 1.25 | D11: =Indicadores!$T35 -> 0.6 | E11: =Indicadores!$T47 -> 0.6625 | F11: =Indicadores!$T59 -> 1.2125 | G11: =Indicadores!$T71 -> 1.0597015 | H11: =Indicadores!$T83 -> 0.4375 | I11: =Indicadores!$T95 -> 1.6285714 | J11: =Indicadores!T$98 -> 0 | K11: =Indicadores!$T119 -> 0.325 | L11: =Indicadores!$T131 -> #DIV/0! | M11: =Indicadores!$T143 -> 0.81081081 | N11: =Indicadores!$T155 -> 1.42 | O11: =Indicadores!$T167 -> 0.7 | P11: =Indicadores!$T179 -> 0.56 | Q11: =Indicadores!$T191 -> 0.4 | R11: =Indicadores!T203 -> 0 | S11: =Indicadores!T215 -> 0.7037037 | T11: =Indicadores!T227 -> 0.53246753 | U11: =Indicadores!$T239 -> 0.7125 | V11: =Indicadores!$T251 -> 0 | W11: =Indicadores!$T263 -> 0 | X11: =Indicadores!$T275 -> #DIV/0! | Y11: =Indicadores!$T287 -> 0.8375 | Z11: =Indicadores!$T299 -> 0.0375 | AA11: =Indicadores!$T311 -> #DIV/0! | AB11: =Indicadores!$T323 -> 1.7714286 | AC11: =Indicadores!$T335 -> 1.4925373 | AD11: =Indicadores!$T347 -> 0.21518987 | AE11: =Indicadores!$T359 -> 0.29411765 | AF11: =Indicadores!$T371 -> 0.085714286 | AG11: =Indicadores!$T383 -> 0 | AH11: =Indicadores!$T395 -> 0.76744186 | AI11: =Indicadores!$T407 -> 1 | AJ11: =Indicadores!$T419 -> 0.3 | AK11: =Indicadores!$T431 -> 1.1428571 | AL11: =Indicadores!$T443 -> 0.29333333 | AM11: =Indicadores!$T455 -> #DIV/0! | AN11: =Indicadores!$T467 -> #DIV/0! | AO11: =Indicadores!$T479 -> 0 | AP11: =Indicadores!$T491 -> 0 | AQ11: =Indicadores!$T503 -> 1.1714286 | AR11: =Indicadores!$T515 -> 0.7375 | AS11: =Indicadores!$T527 -> 1.3166667 | AT11: =Indicadores!$T539 -> 0.49367089 | AU11: =Indicadores!$T551 -> 0.66 | AV11: =Indicadores!$T563 -> 1.0526316 | AW11: =Indicadores!$T575 -> 1.4285714 | AX11: =Indicadores!$T587 -> 0 | AY11: =Indicadores!$T599 -> 0.625 | AZ11: =Indicadores!$T611 -> 0.4875 | BA11: =Indicadores!$T623 -> 0.39534884 | BB11: =Indicadores!$T635 -> #DIV/0! | BC11: =Indicadores!$T647 -> 0.5375 | BD11: =Indicadores!$T659 -> 0.8 | BE11: =Indicadores!$T671 -> 0 | BF11: =Indicadores!$T683 -> 0.090909091 | BG11: =Indicadores!$T695 -> #DIV/0! | BH11: =Indicadores!$T707 -> 1 | BI11: =Indicadores!$T719 -> 0.25 | BJ11: =Indicadores!$T731 -> 0 | BK11: =Indicadores!$T743 -> 0.225 | BL11: =Indicadores!$T755 -> #DIV/0! | BM11: =AVERAGE(B11:BL11) -> #DIV/0! | BN11: =BM11+BP11 -> #DIV/0! | BO11: =BM11-BP11 -> #DIV/0! | BP11: =STDEV(B11:BL11) -> #DIV/0!
A12: Novembro | B12: =Indicadores!$T12 -> #DIV/0! | C12: =Indicadores!T24 -> 0 | D12: =Indicadores!$T36 -> 0 | E12: =Indicadores!$T48 -> 0 | F12: =Indicadores!$T60 -> 0 | G12: =Indicadores!$T72 -> 0 | H12: =Indicadores!$T84 -> 0 | I12: =Indicadores!$T96 -> 0 | J12: =Indicadores!T$98 -> 0 | K12: =Indicadores!$T120 -> 0 | L12: =Indicadores!$T132 -> #DIV/0! | M12: =Indicadores!$T144 -> 0 | N12: =Indicadores!$T156 -> 0 | O12: =Indicadores!$T168 -> 0 | P12: =Indicadores!$T180 -> 0 | Q12: =Indicadores!$T192 -> 0 | R12: =Indicadores!T204 -> 0 | S12: =Indicadores!T216 -> 0 | T12: =Indicadores!T228 -> 0 | U12: =Indicadores!$T240 -> 0 | V12: =Indicadores!$T252 -> 0 | W12: =Indicadores!$T264 -> 0 | X12: =Indicadores!$T276 -> #DIV/0! | Y12: =Indicadores!$T288 -> 0 | Z12: =Indicadores!$T300 -> 0 | AA12: =Indicadores!$T312 -> #DIV/0! | AB12: =Indicadores!$T324 -> 0 | AC12: =Indicadores!$T336 -> 0 | AD12: =Indicadores!$T348 -> 0 | AE12: =Indicadores!$T360 -> 0 | AF12: =Indicadores!$T372 -> 0 | AG12: =Indicadores!$T384 -> 0 | AH12: =Indicadores!$T396 -> 0 | AI12: =Indicadores!$T408 -> 0 | AJ12: =Indicadores!$T420 -> 0 | AK12: =Indicadores!$T432 -> 0 | AL12: =Indicadores!$T444 -> 0 | AM12: =Indicadores!$T456 -> #DIV/0! | AN12: =Indicadores!$T468 -> #DIV/0! | AO12: =Indicadores!$T480 -> 0 | AP12: =Indicadores!$T492 -> 0 | AQ12: =Indicadores!$T504 -> 0 | AR12: =Indicadores!$T516 -> 0 | AS12: =Indicadores!$T528 -> 0 | AT12: =Indicadores!$T540 -> 0 | AU12: =Indicadores!$T552 -> 0 | AV12: =Indicadores!$T564 -> 0 | AW12: =Indicadores!$T576 -> 0 | AX12: =Indicadores!$T588 -> 0 | AY12: =Indicadores!$T600 -> 0 | AZ12: =Indicadores!$T612 -> 0 | BA12: =Indicadores!$T624 -> 0 | BB12: =Indicadores!$T636 -> #DIV/0! | BC12: =Indicadores!$T648 -> 0 | BD12: =Indicadores!$T660 -> 0 | BE12: =Indicadores!$T672 -> 0 | BF12: =Indicadores!$T684 -> 0 | BG12: =Indicadores!$T696 -> #DIV/0! | BH12: =Indicadores!$T708 -> 0 | BI12: =Indicadores!$T720 -> 0 | BJ12: =Indicadores!$T732 -> 0 | BK12: =Indicadores!$T744 -> 0 | BL12: =Indicadores!$T756 -> #DIV/0! | BM12: =AVERAGE(B12:BL12) -> #DIV/0! | BN12: =BM12+BP12 -> #DIV/0! | BO12: =BM12-BP12 -> #DIV/0! | BP12: =STDEV(B12:BL12) -> #DIV/0!
A13: Dezembro | B13: =Indicadores!$T13 -> #DIV/0! | C13: =Indicadores!T25 -> 0 | D13: =Indicadores!$T37 -> 0 | E13: =Indicadores!$T49 -> 0 | F13: =Indicadores!$T61 -> 0 | G13: =Indicadores!$T73 -> 0 | H13: =Indicadores!$T85 -> 0 | I13: =Indicadores!$T97 -> 0 | J13: =Indicadores!T$98 -> 0 | K13: =Indicadores!$T121 -> 0 | L13: =Indicadores!$T133 -> #DIV/0! | M13: =Indicadores!$T145 -> 0 | N13: =Indicadores!$T157 -> 0 | O13: =Indicadores!$T169 -> 0 | P13: =Indicadores!$T181 -> 0 | Q13: =Indicadores!$T193 -> 0 | R13: =Indicadores!T205 -> 0 | S13: =Indicadores!T217 -> 0 | T13: =Indicadores!T229 -> 0 | U13: =Indicadores!$T241 -> 0 | V13: =Indicadores!$T253 -> 0 | W13: =Indicadores!$T265 -> 0 | X13: =Indicadores!$T277 -> #DIV/0! | Y13: =Indicadores!$T289 -> 0 | Z13: =Indicadores!$T301 -> 0 | AA13: =Indicadores!$T313 -> #DIV/0! | AB13: =Indicadores!$T325 -> 0 | AC13: =Indicadores!$T337 -> 0 | AD13: =Indicadores!$T349 -> 0 | AE13: =Indicadores!$T361 -> 0 | AF13: =Indicadores!$T373 -> 0 | AG13: =Indicadores!$T385 -> 0 | AH13: =Indicadores!$T397 -> 0 | AI13: =Indicadores!$T409 -> 0 | AJ13: =Indicadores!$T421 -> 0 | AK13: =Indicadores!$T433 -> 0 | AL13: =Indicadores!$T445 -> 0 | AM13: =Indicadores!$T457 -> #DIV/0! | AN13: =Indicadores!$T469 -> #DIV/0! | AO13: =Indicadores!$T481 -> 0 | AP13: =Indicadores!$T493 -> 0 | AQ13: =Indicadores!$T505 -> 0 | AR13: =Indicadores!$T517 -> 0 | AS13: =Indicadores!$T529 -> 0 | AT13: =Indicadores!$T541 -> 0 | AU13: =Indicadores!$T553 -> 0 | AV13: =Indicadores!$T565 -> 0 | AW13: =Indicadores!$T577 -> 0 | AX13: =Indicadores!$T589 -> 0 | AY13: =Indicadores!$T601 -> 0 | AZ13: =Indicadores!$T613 -> 0 | BA13: =Indicadores!$T625 -> 0 | BB13: =Indicadores!$T637 -> #DIV/0! | BC13: =Indicadores!$T649 -> 0 | BD13: =Indicadores!$T661 -> 0 | BE13: =Indicadores!$T673 -> 0 | BF13: =Indicadores!$T685 -> 0 | BG13: =Indicadores!$T697 -> #DIV/0! | BH13: =Indicadores!$T709 -> 0 | BI13: =Indicadores!$T721 -> 0 | BJ13: =Indicadores!$T733 -> 0 | BK13: =Indicadores!$T745 -> 0 | BL13: =Indicadores!$T757 -> #DIV/0! | BM13: =AVERAGE(B13:BL13) -> #DIV/0! | BN13: =BM13+BP13 -> #DIV/0! | BO13: =BM13-BP13 -> #DIV/0! | BP13: =STDEV(B13:BL13) -> #DIV/0!

Sheet Cálculo Banda Faturamento
A1: Mês | B1: AJTAL - ASSOCIAÇÃO JÚNIOR DE TECNÓLOGOS EM ALIMENTOS CONSULTORIA E PROJETOS | C1: Atena Consultoria Jr. | D1: Atlântica Consultoria Internacional | E1: Automatiza Júnior | F1: Base Júnior | G1: Byte Jr. | H1: Caduceu Júnior | I1: CASP Jr. - Assessoria em Automação | J1: CATALISA - Soluções em Engenharia Química | K1: CEANUT | L1: Cincolinha Jr | M1: CompAct Jr | N1: CPEn Jr | O1: Eali Consultoria Junior em Engenharia de Alimentos | P1: ECAPE - EMPRESA JÚNIOR DE CONSULTORIA AGROPECUÁRIA E PLANEJAMENTO ESTRATÉGICO | Q1: EcoLógica Jr. | R1: EJECiv - Arquitetura e Engenharia Civil | S1: EJMinas | T1: EME Jr. | U1: Empresa Jr. ESPM | V1: Empresa Júnior IDE | W1: Enfitec Júnior | X1: EngerSolution Consultoria Jr. | Y1: EPR Consultoria | Z1: Equilíbrio Assessoria Econômica | AA1: Escritório Júnior Ruy Cirne Lima | AB1: Exata Consultoria Junior | AC1: F5 Junior - Consultoria Internacional | AD1: Faísca Design Júnior | AE1: Floresta Jr - Consultoria e Planejamento Ambiental e Florestal | AF1: Global Jr. | AG1: HidroLógica - Desenvolvimento em Engenharia Hídrica | AH1: Hórus Júnior - Assessoria Contábil | AI1: INOVA JÚNIOR | AJ1: ITEP Jr | AK1: MAC Alimentos | AL1: Mandala Soluções em Engenharia Ambiental | AM1: MASE Jr. | AN1: Mederi Jr | AO1: Motora Junior Empresa de Consultoria | AP1: MOVA | AQ1: NutriAção | AR1: OBJETIVA JR | AS1: Opus Consultoria Júnior | AT1: OTMZA Assessoria em Engenharia | AU1: Pampec Jr. | AV1: Petra Jr. | AW1: Phi Consultoria | AX1: Projep Jr. | AY1: Projetar Empresa Júnior de Desenho Industrial | AZ1: PS Júnior | BA1: Quimlabor Jr. | BB1: Renova Jr. | BC1: RENOVE JR. SOLUÇÕES AMBIENTAIS | BD1: SGPampa Jr. | BE1: Sigma Júnior Consultoria Estatística | BF1: Sinc | BG1: TecAli Júnior | BH1: TechVet Júnior | BI1: UCS Empresa Júnior | BJ1: UPgrade Consultoria Jr. | BK1: Visão Júnior | BL1: Zoo Techne Jr. | BM1: Média(Mensal) | BN1: Banda Superior (Mensal) | BO1: Banda Inferior (Mensal) | BP1: Desvio Padrão
A2: Janeiro | B2: =Indicadores!$M2 -> #DIV/0! | C2: =Indicadores!$M14 -> 0.11329341 | D2: =Indicadores!$M26 -> 0.122 | E2: =Indicadores!$M38 -> 0 | F2: =Indicadores!$M50 -> 0.0261 | G2: =Indicadores!$M62 -> 0.375 | H2: =Indicadores!$M74 -> 0.13869231 | I2: =Indicadores!$M86 -> 0 | J2: =Indicadores!$M98 -> 0 | K2: =Indicadores!$M110 -> 0.1054748 | L2: =Indicadores!$M122 -> 0 | M2: =Indicadores!$M134 -> 0.03880597 | N2: =Indicadores!$M146 -> 0 | O2: =Indicadores!$M158 -> 0 | P2: =Indicadores!$M170 -> 0.0083333333 | Q2: =Indicadores!$M182 -> 0.040935673 | R2: =Indicadores!$M194 -> 0 | S2: =Indicadores!$M206 -> 0 | T2: =Indicadores!$M218 -> 0.16228 | U2: =Indicadores!$M230 -> 0.092083333 | V2: =Indicadores!$M242 -> 0 | W2: =Indicadores!$M254 -> 0 | X2: =Indicadores!$M266 -> 0.36645137 | Y2: =Indicadores!$M278 -> 0.052382544 | Z2: =Indicadores!$M290 -> 0.0010565972 | AA2: =Indicadores!$M302 -> 0 | AB2: =Indicadores!$M314 -> 0 | AC2: =Indicadores!$M326 -> 0 | AD2: =Indicadores!$M338 -> 0.015027778 | AE2: =Indicadores!$M350 -> 0 | AF2: =Indicadores!$M362 -> 0 | AG2: =Indicadores!$M374 -> 0 | AH2: =Indicadores!$M386 -> 0 | AI2: =Indicadores!$M398 -> 0 | AJ2: =Indicadores!$M410 -> 0 | AK2: =Indicadores!$M422 -> 0 | AL2: =Indicadores!$M434 -> 0.071801254 | AM2: =Indicadores!$M446 -> #DIV/0! | AN2: =Indicadores!$M458 -> #DIV/0! | AO2: =Indicadores!$M470 -> 0.0005657747 | AP2: =Indicadores!$M482 -> 0 | AQ2: =Indicadores!$M494 -> 0 | AR2: =Indicadores!$M506 -> 0.082431797 | AS2: =Indicadores!$M518 -> 0 | AT2: =Indicadores!$M530 -> 0.03 | AU2: =Indicadores!$M542 -> 0.23333333 | AV2: =Indicadores!$M554 -> 0 | AW2: =Indicadores!$M566 -> 0.074074074 | AX2: =Indicadores!$M578 -> 0 | AY2: =Indicadores!$M590 -> 0 | AZ2: =Indicadores!$M602 -> 0.13853222 | BA2: =Indicadores!$M614 -> 0 | BB2: =Indicadores!$M626 -> 0 | BC2: =Indicadores!$M638 -> 0 | BD2: =Indicadores!$M650 -> 0 | BE2: =Indicadores!$M662 -> 0 | BF2: =Indicadores!$M674 -> 0.1 | BG2: =Indicadores!$M686 -> 0 | BH2: =Indicadores!$M698 -> 0 | BI2: =Indicadores!$M710 -> 0 | BJ2: =Indicadores!$M722 -> 0 | BK2: =Indicadores!$M734 -> 0 | BL2: =Indicadores!$M746 -> #DIV/0! | BM2: =AVERAGE(B2:BL2) -> #DIV/0! | BN2: =BM2+BP2 -> #DIV/0! | BO2: =BM2-BP2 -> #DIV/0! | BP2: =STDEV(B3:BL3) -> #DIV/0!
A3: Fevereiro | B3: =Indicadores!$M3 -> #DIV/0! | C3: =Indicadores!$M15 -> 0.44892216 | D3: =Indicadores!$M27 -> 0.122 | E3: =Indicadores!$M39 -> 0.045414979 | F3: =Indicadores!$M51 -> 0.153476 | G3: =Indicadores!$M63 -> 0.375 | H3: =Indicadores!$M75 -> 0.29776923 | I3: =Indicadores!$M87 -> 0.066666667 | J3: =Indicadores!$M99 -> 0.0475 | K3: =Indicadores!$M111 -> 0.21794463 | L3: =Indicadores!$M123 -> #DIV/0! | M3: =Indicadores!$M135 -> 0.03880597 | N3: =Indicadores!$M147 -> 0 | O3: =Indicadores!$M159 -> 0.0026992193 | P3: =Indicadores!$M171 -> 0.0083333333 | Q3: =Indicadores!$M183 -> 0.040935673 | R3: =Indicadores!$M195 -> 0 | S3: =Indicadores!$M207 -> 0 | T3: =Indicadores!$M219 -> 0.16228 | U3: =Indicadores!$M231 -> 0.15458333 | V3: =Indicadores!$M243 -> 0 | W3: =Indicadores!$M255 -> 0.095706975 | X3: =Indicadores!$M267 -> #DIV/0! | Y3: =Indicadores!$M279 -> 0.35865358 | Z3: =Indicadores!$M291 -> 0.0010565972 | AA3: =Indicadores!$M303 -> 0 | AB3: =Indicadores!$M315 -> 0 | AC3: =Indicadores!$M327 -> 0 | AD3: =Indicadores!$M339 -> 0.11224444 | AE3: =Indicadores!$M351 -> 0 | AF3: =Indicadores!$M363 -> 0 | AG3: =Indicadores!$M375 -> 0 | AH3: =Indicadores!$M387 -> 0 | AI3: =Indicadores!$M399 -> 0 | AJ3: =Indicadores!$M411 -> 0.038235294 | AK3: =Indicadores!$M423 -> 0 | AL3: =Indicadores!$M435 -> 0.10849967 | AM3: =Indicadores!$M447 -> #DIV/0! | AN3: =Indicadores!$M459 -> #DIV/0! | AO3: =Indicadores!$M471 -> 0.0005657747 | AP3: =Indicadores!$M483 -> 0 | AQ3: =Indicadores!$M495 -> 0 | AR3: =Indicadores!$M507 -> 0.082431797 | AS3: =Indicadores!$M519 -> 0 | AT3: =Indicadores!$M531 -> 0.16833333 | AU3: =Indicadores!$M543 -> 0.23333333 | AV3: =Indicadores!$M555 -> 0 | AW3: =Indicadores!$M567 -> 0.074074074 | AX3: =Indicadores!$M579 -> 0 | AY3: =Indicadores!$M591 -> 0 | AZ3: =Indicadores!$M603 -> 0.22554067 | BA3: =Indicadores!$M615 -> 0 | BB3: =Indicadores!$M627 -> #DIV/0! | BC3: =Indicadores!$M639 -> 0 | BD3: =Indicadores!$M651 -> 0.48857143 | BE3: =Indicadores!$M663 -> 0 | BF3: =Indicadores!$M675 -> 0.2625 | BG3: =Indicadores!$M687 -> #DIV/0! | BH3: =Indicadores!$M699 -> 0.055917622 | BI3: =Indicadores!$M711 -> 0 | BJ3: =Indicadores!$M723 -> 0 | BK3: =Indicadores!$M735 -> 0 | BL3: =Indicadores!$M747 -> #DIV/0! | BM3: =AVERAGE(B3:BL3) -> #DIV/0! | BN3: =BM3+BP3 -> #DIV/0! | BO3: =BM3-BP3 -> #DIV/0! | BP3: =STDEV(C3,D3,E3,F3,G3,H3,I3,J3,K3,M3,N3,O3,P3,Q3,R3,S3,T3,U3,V3,W3,Y3,Z3,AA3,AB3,AC3,AD3,AE3,AF3,AG3,AH3,AI3,AJ3,AK3,AL3,AO3,AP3,AQ3,AR3,AS3,AT3,AU3,AV3,AW3,AX3,AY3,AZ3,BA3,BC3,BD3,BE3,BF3,BH3,BI3,BJ3,BK3) -> 0.12420759
A4: Março | B4: =Indicadores!$M4 -> #DIV/0! | C4: =Indicadores!$M16 -> 0.44892216 | D4: =Indicadores!$M28 -> 0.122 | E4: =Indicadores!$M40 -> 0.22021623 | F4: =Indicadores!$M52 -> 0.223476 | G4: =Indicadores!$M64 -> 0.43333333 | H4: =Indicadores!$M76 -> 0.33776923 | I4: =Indicadores!$M88 -> 0.066666667 | J4: =Indicadores!$M100 -> 0.0475 | K4: =Indicadores!$M112 -> 0.2267342 | L4: =Indicadores!$M124 -> #DIV/0! | M4: =Indicadores!$M136 -> 0.03880597 | N4: =Indicadores!$M148 -> 0 | O4: =Indicadores!$M160 -> 0.041186847 | P4: =Indicadores!$M172 -> 0.0083333333 | Q4: =Indicadores!$M184 -> 0.040935673 | R4: =Indicadores!$M196 -> 0.050294118 | S4: =Indicadores!$M208 -> 0.27272727 | T4: =Indicadores!$M220 -> 0.23228 | U4: =Indicadores!$M232 -> 0.30541667 | V4: =Indicadores!$M244 -> 0 | W4: =Indicadores!$M256 -> 0.095706975 | X4: =Indicadores!$M268 -> #DIV/0! | Y4: =Indicadores!$M280 -> 0.52200952 | Z4: =Indicadores!$M292 -> 0.020075346 | AA4: =Indicadores!$M304 -> 0 | AB4: =Indicadores!$M316 -> 0 | AC4: =Indicadores!$M328 -> 0.1855 | AD4: =Indicadores!$M340 -> 0.18846667 | AE4: =Indicadores!$M352 -> 0 | AF4: =Indicadores!$M364 -> 0 | AG4: =Indicadores!$M376 -> 0.085714286 | AH4: =Indicadores!$M388 -> 0 | AI4: =Indicadores!$M400 -> 0 | AJ4: =Indicadores!$M412 -> 0.11666667 | AK4: =Indicadores!$M424 -> 0 | AL4: =Indicadores!$M436 -> 0.26710067 | AM4: =Indicadores!$M448 -> #DIV/0! | AN4: =Indicadores!$M460 -> #DIV/0! | AO4: =Indicadores!$M472 -> 0.0005657747 | AP4: =Indicadores!$M484 -> 0 | AQ4: =Indicadores!$M496 -> 0 | AR4: =Indicadores!$M508 -> 0.12797899 | AS4: =Indicadores!$M520 -> 0 | AT4: =Indicadores!$M532 -> 0.28083333 | AU4: =Indicadores!$M544 -> 0.23333333 | AV4: =Indicadores!$M556 -> 0 | AW4: =Indicadores!$M568 -> 0.074074074 | AX4: =Indicadores!$M580 -> 0.65151515 | AY4: =Indicadores!$M592 -> 0 | AZ4: =Indicadores!$M604 -> 0.30228485 | BA4: =Indicadores!$M616 -> 0 | BB4: =Indicadores!$M628 -> #DIV/0! | BC4: =Indicadores!$M640 -> 0 | BD4: =Indicadores!$M652 -> 0.48857143 | BE4: =Indicadores!$M664 -> 0 | BF4: =Indicadores!$M676 -> 0.35625 | BG4: =Indicadores!$M688 -> #DIV/0! | BH4: =Indicadores!$M700 -> 0.055917622 | BI4: =Indicadores!$M712 -> 0 | BJ4: =Indicadores!$M724 -> 0 | BK4: =Indicadores!$M736 -> 0.21674734 | BL4: =Indicadores!$M748 -> #DIV/0! | BM4: =AVERAGE(B4:BL4) -> #DIV/0! | BN4: =BM4+BP4 -> #DIV/0! | BO4: =BM4-BP4 -> #DIV/0! | BP4: =STDEV(B5:BL5) -> #DIV/0!
A5: Abril | B5: =Indicadores!$M5 -> #DIV/0! | C5: =Indicadores!$M17 -> 0.44892216 | D5: =Indicadores!$M29 -> 0.183 | E5: =Indicadores!$M41 -> 0.29358665 | F5: =Indicadores!$M53 -> 0.223476 | G5: =Indicadores!$M65 -> 0.43333333 | H5: =Indicadores!$M77 -> 0.403 | I5: =Indicadores!$M89 -> 0.066666667 | J5: =Indicadores!$M101 -> 0.0475 | K5: =Indicadores!$M113 -> 0.27892225 | L5: =Indicadores!$M125 -> #DIV/0! | M5: =Indicadores!$M137 -> 0.03880597 | N5: =Indicadores!$M149 -> 0 | O5: =Indicadores!$M161 -> 0.044236964 | P5: =Indicadores!$M173 -> 0.042361111 | Q5: =Indicadores!$M185 -> 0.040935673 | R5: =Indicadores!$M197 -> 0.050294118 | S5: =Indicadores!$M209 -> 0.27272727 | T5: =Indicadores!$M221 -> 0.23228 | U5: =Indicadores!$M233 -> 0.30541667 | V5: =Indicadores!$M245 -> 0 | W5: =Indicadores!$M257 -> 0.095706975 | X5: =Indicadores!$M269 -> #DIV/0! | Y5: =Indicadores!$M281 -> 0.52200952 | Z5: =Indicadores!$M293 -> 0.020075346 | AA5: =Indicadores!$M305 -> 0 | AB5: =Indicadores!$M317 -> 0 | AC5: =Indicadores!$M329 -> 0.451 | AD5: =Indicadores!$M341 -> 0.32027222 | AE5: =Indicadores!$M353 -> 0 | AF5: =Indicadores!$M365 -> 0 | AG5: =Indicadores!$M377 -> 0.085714286 | AH5: =Indicadores!$M389 -> 0 | AI5: =Indicadores!$M401 -> 0 | AJ5: =Indicadores!$M413 -> 0.11666667 | AK5: =Indicadores!$M425 -> 0 | AL5: =Indicadores!$M437 -> 0.36985624 | AM5: =Indicadores!$M449 -> #DIV/0! | AN5: =Indicadores!$M461 -> #DIV/0! | AO5: =Indicadores!$M473 -> 0.0005657747 | AP5: =Indicadores!$M485 -> 0 | AQ5: =Indicadores!$M497 -> 0 | AR5: =Indicadores!$M509 -> 0.17031201 | AS5: =Indicadores!$M521 -> 0 | AT5: =Indicadores!$M533 -> 0.31666667 | AU5: =Indicadores!$M545 -> 0.23333333 | AV5: =Indicadores!$M557 -> 0 | AW5: =Indicadores!$M569 -> 0.11111111 | AX5: =Indicadores!$M581 -> 0.65151515 | AY5: =Indicadores!$M593 -> 0 | AZ5: =Indicadores!$M605 -> 0.30306263 | BA5: =Indicadores!$M617 -> 0 | BB5: =Indicadores!$M629 -> #DIV/0! | BC5: =Indicadores!$M641 -> 0 | BD5: =Indicadores!$M653 -> 0.48857143 | BE5: =Indicadores!$M665 -> 0.18474583 | BF5: =Indicadores!$M677 -> 0.35625 | BG5: =Indicadores!$M689 -> #DIV/0! | BH5: =Indicadores!$M701 -> 0.055917622 | BI5: =Indicadores!$M713 -> 0 | BJ5: =Indicadores!$M725 -> 0 | BK5: =Indicadores!$M737 -> 0.21674734 | BL5: =Indicadores!$M749 -> #DIV/0! | BM5: =AVERAGE(B5:BL5) -> #DIV/0! | BN5: =BM5+BP5 -> #DIV/0! | BO5: =BM5-BP5 -> #DIV/0! | BP5: =STDEV(C5,D5,E5,F5,G5,H5,I5,J5,K5,M5,N5,O5,P5,Q5,R5,S5,T5,U5,V5,W5,Y5,Z5,AA5,AB5,AC5,AD5,AE5,AF5,AG5,AH5,AI5,AJ5,AK5,AL5,AO5,AP5,AQ5,AR5,AS5,AT5,AU5,AV5,AW5,AX5,AY5,AZ5,BA5,BC5,BD5,BE5,BF5,BH5,BI5,BJ5,BK5) -> 0.17420995
A6: Maio | B6: =Indicadores!$M6 -> #DIV/0! | C6: =Indicadores!$M18 -> 0.44892216 | D6: =Indicadores!$M30 -> 0.183 | E6: =Indicadores!$M42 -> 0.29358665 | F6: =Indicadores!$M54 -> 0.361476 | G6: =Indicadores!$M66 -> 0.43333333 | H6: =Indicadores!$M78 -> 0.48776923 | I6: =Indicadores!$M90 -> 0.066666667 | J6: =Indicadores!$M102 -> 0.1905691 | K6: =Indicadores!$M114 -> 0.37663294 | L6: =Indicadores!$M126 -> #DIV/0! | M6: =Indicadores!$M138 -> 0.19179104 | N6: =Indicadores!$M150 -> 0 | O6: =Indicadores!$M162 -> 0.083240683 | P6: =Indicadores!$M174 -> 0.12256944 | Q6: =Indicadores!$M186 -> 0.040935673 | R6: =Indicadores!$M198 -> 0.12794118 | S6: =Indicadores!$M210 -> 0.27272727 | T6: =Indicadores!$M222 -> 0.31228 | U6: =Indicadores!$M234 -> 0.42841667 | V6: =Indicadores!$M246 -> 0 | W6: =Indicadores!$M258 -> 0.095706975 | X6: =Indicadores!$M270 -> #DIV/0! | Y6: =Indicadores!$M282 -> 0.68396521 | Z6: =Indicadores!$M294 -> 0.020075346 | AA6: =Indicadores!$M306 -> 0 | AB6: =Indicadores!$M318 -> 0 | AC6: =Indicadores!$M330 -> 0.4511 | AD6: =Indicadores!$M342 -> 0.43835556 | AE6: =Indicadores!$M354 -> 0 | AF6: =Indicadores!$M366 -> 0 | AG6: =Indicadores!$M378 -> 0.085714286 | AH6: =Indicadores!$M390 -> 0 | AI6: =Indicadores!$M402 -> 0.2 | AJ6: =Indicadores!$M414 -> 0.11666667 | AK6: =Indicadores!$M426 -> 0.037037037 | AL6: =Indicadores!$M438 -> 0.36985624 | AM6: =Indicadores!$M450 -> #DIV/0! | AN6: =Indicadores!$M462 -> #DIV/0! | AO6: =Indicadores!$M474 -> 0.0087129304 | AP6: =Indicadores!$M486 -> 0 | AQ6: =Indicadores!$M498 -> 0 | AR6: =Indicadores!$M510 -> 0.17031201 | AS6: =Indicadores!$M522 -> 0 | AT6: =Indicadores!$M534 -> 0.44 | AU6: =Indicadores!$M546 -> 0.95 | AV6: =Indicadores!$M558 -> 0 | AW6: =Indicadores!$M570 -> 0.11111111 | AX6: =Indicadores!$M582 -> 0.65151515 | AY6: =Indicadores!$M594 -> 0 | AZ6: =Indicadores!$M606 -> 0.47872611 | BA6: =Indicadores!$M618 -> 0 | BB6: =Indicadores!$M630 -> #DIV/0! | BC6: =Indicadores!$M642 -> 0.188 | BD6: =Indicadores!$M654 -> 0.48857143 | BE6: =Indicadores!$M666 -> 0.26807917 | BF6: =Indicadores!$M678 -> 0.7 | BG6: =Indicadores!$M690 -> #DIV/0! | BH6: =Indicadores!$M702 -> 0.082338699 | BI6: =Indicadores!$M714 -> 0 | BJ6: =Indicadores!$M726 -> 0 | BK6: =Indicadores!$M738 -> 0.21674734 | BL6: =Indicadores!$M750 -> #DIV/0! | BM6: =AVERAGE(B6:BL6) -> #DIV/0! | BN6: =BM6+BP6 -> #DIV/0! | BO6: =BM6-BP6 -> #DIV/0! | BP6: =STDEV(B7:BL7) -> #DIV/0!
A7: Junho | B7: =Indicadores!$M7 -> #DIV/0! | C7: =Indicadores!$M19 -> 0.58185629 | D7: =Indicadores!$M31 -> 0.1835 | E7: =Indicadores!$M43 -> 0.30872497 | F7: =Indicadores!$M55 -> 0.405476 | G7: =Indicadores!$M67 -> 0.532 | H7: =Indicadores!$M79 -> 0.56507692 | I7: =Indicadores!$M91 -> 0.066666667 | J7: =Indicadores!$M103 -> 0.5635423 | K7: =Indicadores!$M115 -> 0.44416611 | L7: =Indicadores!$M127 -> #DIV/0! | M7: =Indicadores!$M139 -> 0.19179104 | N7: =Indicadores!$M151 -> 0 | O7: =Indicadores!$M163 -> 0.13409397 | P7: =Indicadores!$M175 -> 0.17118056 | Q7: =Indicadores!$M187 -> 0.040935673 | R7: =Indicadores!$M199 -> 0.12794118 | S7: =Indicadores!$M211 -> 0.45151515 | T7: =Indicadores!$M223 -> 0.51808 | U7: =Indicadores!$M235 -> 0.601 | V7: =Indicadores!$M247 -> 0 | W7: =Indicadores!$M259 -> 0.095706975 | X7: =Indicadores!$M271 -> #DIV/0! | Y7: =Indicadores!$M283 -> 0.80599058 | Z7: =Indicadores!$M295 -> 0.57361946 | AA7: =Indicadores!$M307 -> 0 | AB7: =Indicadores!$M319 -> 0 | AC7: =Indicadores!$M331 -> 0.4511 | AD7: =Indicadores!$M343 -> 0.48005 | AE7: =Indicadores!$M355 -> 0 | AF7: =Indicadores!$M367 -> 0 | AG7: =Indicadores!$M379 -> 0.33904762 | AH7: =Indicadores!$M391 -> 0 | AI7: =Indicadores!$M403 -> 0.4 | AJ7: =Indicadores!$M415 -> 0.11666667 | AK7: =Indicadores!$M427 -> 0.10493827 | AL7: =Indicadores!$M439 -> 0.37222089 | AM7: =Indicadores!$M451 -> #DIV/0! | AN7: =Indicadores!$M463 -> #DIV/0! | AO7: =Indicadores!$M475 -> 0.012107579 | AP7: =Indicadores!$M487 -> 0 | AQ7: =Indicadores!$M499 -> 0 | AR7: =Indicadores!$M511 -> 0.19853402 | AS7: =Indicadores!$M523 -> 0.13913167 | AT7: =Indicadores!$M535 -> 0.4995 | AU7: =Indicadores!$M547 -> 0.95 | AV7: =Indicadores!$M559 -> 0 | AW7: =Indicadores!$M571 -> 0.11111111 | AX7: =Indicadores!$M583 -> 0.65151515 | AY7: =Indicadores!$M595 -> 0 | AZ7: =Indicadores!$M607 -> 0.59780374 | BA7: =Indicadores!$M619 -> 0 | BB7: =Indicadores!$M631 -> #DIV/0! | BC7: =Indicadores!$M643 -> 0.188 | BD7: =Indicadores!$M655 -> 0.76285714 | BE7: =Indicadores!$M667 -> 0.48057917 | BF7: =Indicadores!$M679 -> 0.7 | BG7: =Indicadores!$M691 -> #DIV/0! | BH7: =Indicadores!$M703 -> 0.082338699 | BI7: =Indicadores!$M715 -> 0 | BJ7: =Indicadores!$M727 -> 0 | BK7: =Indicadores!$M739 -> 0.21674734 | BL7: =Indicadores!$M751 -> #DIV/0! | BM7: =AVERAGE(B7:BL7) -> #DIV/0! | BN7: =BM7+BP7 -> #DIV/0! | BO7: =BM7-BP7 -> #DIV/0! | BP7: =STDEV(C7,D7,E7,F7,G7,H7,I7,J7,K7,M7,N7,O7,P7,Q7,R7,S7,T7,U7,V7,W7,Y7,Z7,AA7,AB7,AC7,AD7,AE7,AF7,AG7,AH7,AI7,AJ7,AK7,AL7,AO7,AP7,AQ7,AR7,AS7,AT7,AU7,AV7,AW7,AX7,AY7,AZ7,BA7,BC7,BD7,BE7,BF7,BH7,BI7,BJ7,BK7) -> 0.26303046
A8: Julho | B8: =Indicadores!$M8 -> #DIV/0! | C8: =Indicadores!$M20 -> 0.68964072 | D8: =Indicadores!$M32 -> 0.1835 | E8: =Indicadores!$M44 -> 1.0222448 | F8: =Indicadores!$M56 -> 0.405476 | G8: =Indicadores!$M68 -> 0.64015833 | H8: =Indicadores!$M80 -> 0.71666769 | I8: =Indicadores!$M92 -> 0.066666667 | J8: =Indicadores!$M104 -> 0.7095423 | K8: =Indicadores!$M116 -> 0.59319321 | L8: =Indicadores!$M128 -> #DIV/0! | M8: =Indicadores!$M140 -> 0.66840858 | N8: =Indicadores!$M152 -> 0 | O8: =Indicadores!$M164 -> 0.2926731 | P8: =Indicadores!$M176 -> 0.365625 | Q8: =Indicadores!$M188 -> 0.40497076 | R8: =Indicadores!$M200 -> 0.16029412 | S8: =Indicadores!$M212 -> 1.5060606 | T8: =Indicadores!$M224 -> 0.722872 | U8: =Indicadores!$M236 -> 0.61225 | V8: =Indicadores!$M248 -> 0.086574074 | W8: =Indicadores!$M260 -> 0.095706975 | X8: =Indicadores!$M272 -> #DIV/0! | Y8: =Indicadores!$M284 -> 0.92810011 | Z8: =Indicadores!$M296 -> 0.65709064 | AA8: =Indicadores!$M308 -> 0.09 | AB8: =Indicadores!$M320 -> 0 | AC8: =Indicadores!$M332 -> 0.4511 | AD8: =Indicadores!$M344 -> 0.73573889 | AE8: =Indicadores!$M356 -> 0 | AF8: =Indicadores!$M368 -> 0 | AG8: =Indicadores!$M380 -> 1.9875348 | AH8: =Indicadores!$M392 -> 0 | AI8: =Indicadores!$M404 -> 0.57142857 | AJ8: =Indicadores!$M416 -> 0.11666667 | AK8: =Indicadores!$M428 -> 0.48765432 | AL8: =Indicadores!$M440 -> 0.64840226 | AM8: =Indicadores!$M452 -> #DIV/0! | AN8: =Indicadores!$M464 -> #DIV/0! | AO8: =Indicadores!$M476 -> 0.012107579 | AP8: =Indicadores!$M488 -> 0 | AQ8: =Indicadores!$M500 -> 0 | AR8: =Indicadores!$M512 -> 0.26551427 | AS8: =Indicadores!$M524 -> 0.20869751 | AT8: =Indicadores!$M536 -> 0.71583333 | AU8: =Indicadores!$M548 -> 1.2 | AV8: =Indicadores!$M560 -> 0.13210445 | AW8: =Indicadores!$M572 -> 0.11111111 | AX8: =Indicadores!$M584 -> 0.65151515 | AY8: =Indicadores!$M596 -> 0.064882401 | AZ8: =Indicadores!$M608 -> 0.74927607 | BA8: =Indicadores!$M620 -> 0 | BB8: =Indicadores!$M632 -> #DIV/0! | BC8: =Indicadores!$M644 -> 0.188 | BD8: =Indicadores!$M656 -> 0.76285714 | BE8: =Indicadores!$M668 -> 0.48057917 | BF8: =Indicadores!$M680 -> 0.77375 | BG8: =Indicadores!$M692 -> #DIV/0! | BH8: =Indicadores!$M704 -> 0.096318104 | BI8: =Indicadores!$M716 -> 0 | BJ8: =Indicadores!$M728 -> 0 | BK8: =Indicadores!$M740 -> 0.6650531 | BL8: =Indicadores!$M752 -> #DIV/0! | BM8: =AVERAGE(B8:BL8) -> #DIV/0! | BN8: =BM8+BP8 -> #DIV/0! | BO8: =BM8-BP8 -> #DIV/0! | BP8: =STDEV(B9:BL9) -> #DIV/0!
A9: Agosto | B9: =Indicadores!$M9 -> #DIV/0! | C9: =Indicadores!$M21 -> 0.68964072 | D9: =Indicadores!$M33 -> 0.1835 | E9: =Indicadores!$M45 -> 1.0222448 | F9: =Indicadores!$M57 -> 0.821026 | G9: =Indicadores!$M69 -> 0.66498333 | H9: =Indicadores!$M81 -> 0.77362154 | I9: =Indicadores!$M93 -> 0.066666667 | J9: =Indicadores!$M105 -> 0.8515423 | K9: =Indicadores!$M117 -> 0.7741118 | L9: =Indicadores!$M129 -> #DIV/0! | M9: =Indicadores!$M141 -> 0.74837127 | N9: =Indicadores!$M153 -> 0 | O9: =Indicadores!$M165 -> 0.3905198 | P9: =Indicadores!$M177 -> 0.365625 | Q9: =Indicadores!$M189 -> 0.46783626 | R9: =Indicadores!$M201 -> 0.26617647 | S9: =Indicadores!$M213 -> 1.5060606 | T9: =Indicadores!$M225 -> 0.754392 | U9: =Indicadores!$M237 -> 0.69558333 | V9: =Indicadores!$M249 -> 0.27175926 | W9: =Indicadores!$M261 -> 0.26523699 | X9: =Indicadores!$M273 -> #DIV/0! | Y9: =Indicadores!$M285 -> 0.94672501 | Z9: =Indicadores!$M297 -> 0.65709064 | AA9: =Indicadores!$M309 -> 0.09 | AB9: =Indicadores!$M321 -> 0 | AC9: =Indicadores!$M333 -> 0.4511 | AD9: =Indicadores!$M345 -> 0.85665556 | AE9: =Indicadores!$M357 -> 0 | AF9: =Indicadores!$M369 -> 0 | AG9: =Indicadores!$M381 -> 1.9875348 | AH9: =Indicadores!$M393 -> 0 | AI9: =Indicadores!$M405 -> 0.78571429 | AJ9: =Indicadores!$M417 -> 0.34004412 | AK9: =Indicadores!$M429 -> 0.71604938 | AL9: =Indicadores!$M441 -> 0.65666419 | AM9: =Indicadores!$M453 -> #DIV/0! | AN9: =Indicadores!$M465 -> #DIV/0! | AO9: =Indicadores!$M477 -> 0.012107579 | AP9: =Indicadores!$M489 -> 0.111 | AQ9: =Indicadores!$M501 -> 0.21189189 | AR9: =Indicadores!$M513 -> 0.33857792 | AS9: =Indicadores!$M525 -> 0.59083274 | AT9: =Indicadores!$M537 -> 0.71916667 | AU9: =Indicadores!$M549 -> 1.2 | AV9: =Indicadores!$M561 -> 0.13210445 | AW9: =Indicadores!$M573 -> 0.11111111 | AX9: =Indicadores!$M585 -> 0.65151515 | AY9: =Indicadores!$M597 -> 0.085158151 | AZ9: =Indicadores!$M609 -> 0.74927607 | BA9: =Indicadores!$M621 -> 0.023181818 | BB9: =Indicadores!$M633 -> #DIV/0! | BC9: =Indicadores!$M645 -> 0.22133333 | BD9: =Indicadores!$M657 -> 0.97714286 | BE9: =Indicadores!$M669 -> 0.48057917 | BF9: =Indicadores!$M681 -> 0.79875 | BG9: =Indicadores!$M693 -> #DIV/0! | BH9: =Indicadores!$M705 -> 0.10563771 | BI9: =Indicadores!$M717 -> 0 | BJ9: =Indicadores!$M729 -> 0 | BK9: =Indicadores!$M741 -> 0.6650531 | BL9: =Indicadores!$M753 -> #DIV/0! | BM9: =AVERAGE(B9:BL9) -> #DIV/0! | BN9: =BM9+BP9 -> #DIV/0! | BO9: =BM9-BP9 -> #DIV/0! | BP9: =STDEV(C9,D9,E9,F9,G9,H9,I9,J9,K9,M9,N9,O9,P9,Q9,R9,S9,T9,U9,V9,W9,Y9,Z9,AA9,AB9,AC9,AD9,AE9,AF9,AG9,AH9,AI9,AJ9,AK9,AL9,AO9,AP9,AQ9,AR9,AS9,AT9,AU9,AV9,AW9,AX9,AY9,AZ9,BA9,BC9,BD9,BE9,BF9,BH9,BI9,BJ9,BK9) -> 0.41779502
